K,n_runs,n_finished_at_K,top1_in_top33pct@K,top3_in_top33pct@K,top1_in_top50pct@K,top3_in_top50pct@K,top1_in_top67pct@K,top3_in_top67pct@K,spearman,project,group,n_runs_total
5,40,38,1,1,1,2,1,3,-0.01106941838649156,Lorenz_INDpartial_NDInitSweep_autodim_D1_NormTrue__JacobianODE,lorenz_partial_additive_mse_uniform_p30_obsnoise001__ndelays_initsteps_autodim,42
10,40,39,1,2,1,3,1,3,0.04934333958724203,Lorenz_INDpartial_NDInitSweep_autodim_D1_NormTrue__JacobianODE,lorenz_partial_additive_mse_uniform_p30_obsnoise001__ndelays_initsteps_autodim,42
15,40,39,1,2,1,3,1,3,0.12082551594746718,Lorenz_INDpartial_NDInitSweep_autodim_D1_NormTrue__JacobianODE,lorenz_partial_additive_mse_uniform_p30_obsnoise001__ndelays_initsteps_autodim,42
20,40,40,1,2,1,2,1,3,0.19437148217636024,Lorenz_INDpartial_NDInitSweep_autodim_D1_NormTrue__JacobianODE,lorenz_partial_additive_mse_uniform_p30_obsnoise001__ndelays_initsteps_autodim,42
30,40,40,1,1,1,1,1,2,0.3307692307692308,Lorenz_INDpartial_NDInitSweep_autodim_D1_NormTrue__JacobianODE,lorenz_partial_additive_mse_uniform_p30_obsnoise001__ndelays_initsteps_autodim,42
50,40,39,1,3,1,3,1,3,0.7469043151969983,Lorenz_INDpartial_NDInitSweep_autodim_D1_NormTrue__JacobianODE,lorenz_partial_additive_mse_uniform_p30_obsnoise001__ndelays_initsteps_autodim,42
5,40,37,0,1,0,2,1,3,-0.00150093808630394,Lorenz_INDpartial_NDInitSweep_autodim_D1_NormTrue__JacobianODE,lorenz_partial_additive_mse_uniform_p30_obsnoise005__ndelays_initsteps_autodim,40
10,40,31,0,0,0,0,0,2,0.1936210131332083,Lorenz_INDpartial_NDInitSweep_autodim_D1_NormTrue__JacobianODE,lorenz_partial_additive_mse_uniform_p30_obsnoise005__ndelays_initsteps_autodim,40
15,40,36,0,0,0,1,0,2,0.25628517823639774,Lorenz_INDpartial_NDInitSweep_autodim_D1_NormTrue__JacobianODE,lorenz_partial_additive_mse_uniform_p30_obsnoise005__ndelays_initsteps_autodim,40
20,40,35,0,0,0,1,1,3,0.22795497185741093,Lorenz_INDpartial_NDInitSweep_autodim_D1_NormTrue__JacobianODE,lorenz_partial_additive_mse_uniform_p30_obsnoise005__ndelays_initsteps_autodim,40
30,40,36,0,1,1,2,1,3,0.6450281425891183,Lorenz_INDpartial_NDInitSweep_autodim_D1_NormTrue__JacobianODE,lorenz_partial_additive_mse_uniform_p30_obsnoise005__ndelays_initsteps_autodim,40
50,40,37,1,2,1,2,1,2,0.7384615384615386,Lorenz_INDpartial_NDInitSweep_autodim_D1_NormTrue__JacobianODE,lorenz_partial_additive_mse_uniform_p30_obsnoise005__ndelays_initsteps_autodim,40
5,26,26,1,3,1,3,1,3,0.6847863247863248,Lorenz_INDpartial_NDInitSweep_autodim_D1_NormTrue__JacobianODE,lorenz_partial_additive_mse_uniform_p30_obsnoise001_top3nd_init15_autodim__lc_sweep,28
10,26,25,1,3,1,3,1,3,0.7196581196581195,Lorenz_INDpartial_NDInitSweep_autodim_D1_NormTrue__JacobianODE,lorenz_partial_additive_mse_uniform_p30_obsnoise001_top3nd_init15_autodim__lc_sweep,28
15,26,26,1,2,1,3,1,3,0.6779487179487179,Lorenz_INDpartial_NDInitSweep_autodim_D1_NormTrue__JacobianODE,lorenz_partial_additive_mse_uniform_p30_obsnoise001_top3nd_init15_autodim__lc_sweep,28
20,26,26,1,2,1,3,1,3,0.6964102564102563,Lorenz_INDpartial_NDInitSweep_autodim_D1_NormTrue__JacobianODE,lorenz_partial_additive_mse_uniform_p30_obsnoise001_top3nd_init15_autodim__lc_sweep,28
30,26,26,1,2,1,3,1,3,0.7606837606837605,Lorenz_INDpartial_NDInitSweep_autodim_D1_NormTrue__JacobianODE,lorenz_partial_additive_mse_uniform_p30_obsnoise001_top3nd_init15_autodim__lc_sweep,28
50,26,26,1,2,1,3,1,3,0.8133333333333332,Lorenz_INDpartial_NDInitSweep_autodim_D1_NormTrue__JacobianODE,lorenz_partial_additive_mse_uniform_p30_obsnoise001_top3nd_init15_autodim__lc_sweep,28
5,27,23,0,0,0,1,1,2,0.40354090354090355,Lorenz_INDpartial_NDInitSweep_autodim_D1_NormTrue__JacobianODE,lorenz_partial_additive_mse_uniform_p30_obsnoise005_top3nd_init15_autodim__lc_sweep,34
10,27,26,1,3,1,3,1,3,0.7332112332112332,Lorenz_INDpartial_NDInitSweep_autodim_D1_NormTrue__JacobianODE,lorenz_partial_additive_mse_uniform_p30_obsnoise005_top3nd_init15_autodim__lc_sweep,34
15,27,25,0,2,1,3,1,3,0.6752136752136753,Lorenz_INDpartial_NDInitSweep_autodim_D1_NormTrue__JacobianODE,lorenz_partial_additive_mse_uniform_p30_obsnoise005_top3nd_init15_autodim__lc_sweep,34
20,27,26,0,2,1,3,1,3,0.699023199023199,Lorenz_INDpartial_NDInitSweep_autodim_D1_NormTrue__JacobianODE,lorenz_partial_additive_mse_uniform_p30_obsnoise005_top3nd_init15_autodim__lc_sweep,34
30,27,27,1,3,1,3,1,3,0.8009768009768009,Lorenz_INDpartial_NDInitSweep_autodim_D1_NormTrue__JacobianODE,lorenz_partial_additive_mse_uniform_p30_obsnoise005_top3nd_init15_autodim__lc_sweep,34
50,27,25,1,3,1,3,1,3,0.884004884004884,Lorenz_INDpartial_NDInitSweep_autodim_D1_NormTrue__JacobianODE,lorenz_partial_additive_mse_uniform_p30_obsnoise005_top3nd_init15_autodim__lc_sweep,34
5,5,5,0,1,1,2,1,3,0.49999999999999994,Lorenz_INDpartial_NDInitSweep_autodim_D1_NormTrue__JacobianODE,lorenz_partial_additive_splitmode_p30_obsnoise001_nd75_init15_autodim__lc_sweep,5
10,5,5,0,2,0,2,0,2,0.0,Lorenz_INDpartial_NDInitSweep_autodim_D1_NormTrue__JacobianODE,lorenz_partial_additive_splitmode_p30_obsnoise001_nd75_init15_autodim__lc_sweep,5
15,5,5,1,2,1,2,1,3,0.7999999999999999,Lorenz_INDpartial_NDInitSweep_autodim_D1_NormTrue__JacobianODE,lorenz_partial_additive_splitmode_p30_obsnoise001_nd75_init15_autodim__lc_sweep,5
20,5,5,0,1,1,2,1,3,0.19999999999999998,Lorenz_INDpartial_NDInitSweep_autodim_D1_NormTrue__JacobianODE,lorenz_partial_additive_splitmode_p30_obsnoise001_nd75_init15_autodim__lc_sweep,5
30,5,5,0,1,0,2,1,3,0.3,Lorenz_INDpartial_NDInitSweep_autodim_D1_NormTrue__JacobianODE,lorenz_partial_additive_splitmode_p30_obsnoise001_nd75_init15_autodim__lc_sweep,5
50,5,5,1,1,1,1,1,2,0.09999999999999999,Lorenz_INDpartial_NDInitSweep_autodim_D1_NormTrue__JacobianODE,lorenz_partial_additive_splitmode_p30_obsnoise001_nd75_init15_autodim__lc_sweep,5
5,5,5,0,1,0,2,1,3,0.0,Lorenz_INDpartial_NDInitSweep_autodim_D1_NormTrue__JacobianODE,lorenz_partial_additive_splitmode_p30_obsnoise005_nd75_init15_autodim__lc_sweep,5
10,5,4,1,2,1,2,1,3,0.49999999999999994,Lorenz_INDpartial_NDInitSweep_autodim_D1_NormTrue__JacobianODE,lorenz_partial_additive_splitmode_p30_obsnoise005_nd75_init15_autodim__lc_sweep,5
15,5,4,1,1,1,2,1,3,0.39999999999999997,Lorenz_INDpartial_NDInitSweep_autodim_D1_NormTrue__JacobianODE,lorenz_partial_additive_splitmode_p30_obsnoise005_nd75_init15_autodim__lc_sweep,5
20,5,5,0,1,0,2,1,3,-0.19999999999999998,Lorenz_INDpartial_NDInitSweep_autodim_D1_NormTrue__JacobianODE,lorenz_partial_additive_splitmode_p30_obsnoise005_nd75_init15_autodim__lc_sweep,5
30,5,5,0,2,1,3,1,3,0.49999999999999994,Lorenz_INDpartial_NDInitSweep_autodim_D1_NormTrue__JacobianODE,lorenz_partial_additive_splitmode_p30_obsnoise005_nd75_init15_autodim__lc_sweep,5
50,5,5,1,1,1,2,1,3,0.39999999999999997,Lorenz_INDpartial_NDInitSweep_autodim_D1_NormTrue__JacobianODE,lorenz_partial_additive_splitmode_p30_obsnoise005_nd75_init15_autodim__lc_sweep,5
5,17,15,1,1,1,2,1,3,0.07843137254901962,Lorenz_INDpartial_NDInitSweep_autodim_D1_NormTrue__JacobianODE,lorenz_partial_additive_mse_mostrecent_p30_obsnoise001_init15_autodim__ndelays_sweep,18
10,17,15,1,2,1,2,1,3,0.41421568627450983,Lorenz_INDpartial_NDInitSweep_autodim_D1_NormTrue__JacobianODE,lorenz_partial_additive_mse_mostrecent_p30_obsnoise001_init15_autodim__ndelays_sweep,18
15,17,16,0,2,1,3,1,3,0.5465686274509804,Lorenz_INDpartial_NDInitSweep_autodim_D1_NormTrue__JacobianODE,lorenz_partial_additive_mse_mostrecent_p30_obsnoise001_init15_autodim__ndelays_sweep,18
20,17,16,1,2,1,3,1,3,0.5882352941176471,Lorenz_INDpartial_NDInitSweep_autodim_D1_NormTrue__JacobianODE,lorenz_partial_additive_mse_mostrecent_p30_obsnoise001_init15_autodim__ndelays_sweep,18
30,17,13,1,2,1,3,1,3,0.7377450980392158,Lorenz_INDpartial_NDInitSweep_autodim_D1_NormTrue__JacobianODE,lorenz_partial_additive_mse_mostrecent_p30_obsnoise001_init15_autodim__ndelays_sweep,18
50,17,13,1,3,1,3,1,3,0.9093137254901962,Lorenz_INDpartial_NDInitSweep_autodim_D1_NormTrue__JacobianODE,lorenz_partial_additive_mse_mostrecent_p30_obsnoise001_init15_autodim__ndelays_sweep,18
5,5,5,1,1,1,2,1,3,0.6,Lorenz_INDpartial_NDInitSweep_autodim_D1_NormTrue__JacobianODE,lorenz_partial_additive_splitmode_p30_obsnoise001_nd75_init15_pcainit_autodim__lc_sweep,5
10,5,5,1,1,1,2,1,3,0.7,Lorenz_INDpartial_NDInitSweep_autodim_D1_NormTrue__JacobianODE,lorenz_partial_additive_splitmode_p30_obsnoise001_nd75_init15_pcainit_autodim__lc_sweep,5
15,5,5,1,2,1,2,1,3,0.8999999999999998,Lorenz_INDpartial_NDInitSweep_autodim_D1_NormTrue__JacobianODE,lorenz_partial_additive_splitmode_p30_obsnoise001_nd75_init15_pcainit_autodim__lc_sweep,5
20,5,5,1,2,1,2,1,3,0.8999999999999998,Lorenz_INDpartial_NDInitSweep_autodim_D1_NormTrue__JacobianODE,lorenz_partial_additive_splitmode_p30_obsnoise001_nd75_init15_pcainit_autodim__lc_sweep,5
30,5,5,1,1,1,2,1,3,0.39999999999999997,Lorenz_INDpartial_NDInitSweep_autodim_D1_NormTrue__JacobianODE,lorenz_partial_additive_splitmode_p30_obsnoise001_nd75_init15_pcainit_autodim__lc_sweep,5
50,5,5,1,1,1,2,1,3,0.7,Lorenz_INDpartial_NDInitSweep_autodim_D1_NormTrue__JacobianODE,lorenz_partial_additive_splitmode_p30_obsnoise001_nd75_init15_pcainit_autodim__lc_sweep,5
5,5,5,0,1,0,1,0,2,-0.7,Lorenz_INDpartial_NDInitSweep_autodim_D1_NormTrue__JacobianODE,lorenz_partial_additive_splitmode_p30_obsnoise005_nd75_init15_pcainit_autodim__lc_sweep,5
10,5,5,1,2,1,3,1,3,0.8999999999999998,Lorenz_INDpartial_NDInitSweep_autodim_D1_NormTrue__JacobianODE,lorenz_partial_additive_splitmode_p30_obsnoise005_nd75_init15_pcainit_autodim__lc_sweep,5
15,5,5,0,1,0,2,1,3,0.09999999999999999,Lorenz_INDpartial_NDInitSweep_autodim_D1_NormTrue__JacobianODE,lorenz_partial_additive_splitmode_p30_obsnoise005_nd75_init15_pcainit_autodim__lc_sweep,5
20,5,5,1,1,1,2,1,3,0.7,Lorenz_INDpartial_NDInitSweep_autodim_D1_NormTrue__JacobianODE,lorenz_partial_additive_splitmode_p30_obsnoise005_nd75_init15_pcainit_autodim__lc_sweep,5
30,5,5,1,2,1,3,1,3,0.9999999999999999,Lorenz_INDpartial_NDInitSweep_autodim_D1_NormTrue__JacobianODE,lorenz_partial_additive_splitmode_p30_obsnoise005_nd75_init15_pcainit_autodim__lc_sweep,5
50,5,5,1,2,1,3,1,3,0.9999999999999999,Lorenz_INDpartial_NDInitSweep_autodim_D1_NormTrue__JacobianODE,lorenz_partial_additive_splitmode_p30_obsnoise005_nd75_init15_pcainit_autodim__lc_sweep,5
5,24,24,1,3,1,3,1,3,0.9979338842975207,Lorenz_INDpartial_NDInitSweep_autodim_D1_NormTrue__JacobianODE,lorenz_partial_additive_encoderonly_nd75_init15_pcainit_autodim__kl_sweep_obsnoise001,24
10,24,24,0,0,0,1,1,3,0.9039256198347108,Lorenz_INDpartial_NDInitSweep_autodim_D1_NormTrue__JacobianODE,lorenz_partial_additive_encoderonly_nd75_init15_pcainit_autodim__kl_sweep_obsnoise001,24
15,24,24,0,0,0,1,1,3,0.9039256198347108,Lorenz_INDpartial_NDInitSweep_autodim_D1_NormTrue__JacobianODE,lorenz_partial_additive_encoderonly_nd75_init15_pcainit_autodim__kl_sweep_obsnoise001,24
20,24,24,1,3,1,3,1,3,0.9979338842975207,Lorenz_INDpartial_NDInitSweep_autodim_D1_NormTrue__JacobianODE,lorenz_partial_additive_encoderonly_nd75_init15_pcainit_autodim__kl_sweep_obsnoise001,24
30,24,22,1,3,1,3,1,3,0.9969008264462809,Lorenz_INDpartial_NDInitSweep_autodim_D1_NormTrue__JacobianODE,lorenz_partial_additive_encoderonly_nd75_init15_pcainit_autodim__kl_sweep_obsnoise001,24
50,24,8,1,3,1,3,1,3,0.9969008264462809,Lorenz_INDpartial_NDInitSweep_autodim_D1_NormTrue__JacobianODE,lorenz_partial_additive_encoderonly_nd75_init15_pcainit_autodim__kl_sweep_obsnoise001,24
5,24,24,1,3,1,3,1,3,0.8289049175362346,Lorenz_INDpartial_NDInitSweep_autodim_D1_NormTrue__JacobianODE,lorenz_partial_additive_encoderonly_nd75_init15_pcainit_autodim__kl_sweep_obsnoise005,24
10,24,24,1,3,1,3,1,3,0.8298982128238753,Lorenz_INDpartial_NDInitSweep_autodim_D1_NormTrue__JacobianODE,lorenz_partial_additive_encoderonly_nd75_init15_pcainit_autodim__kl_sweep_obsnoise005,24
15,24,24,1,3,1,3,1,3,0.8301886792452831,Lorenz_INDpartial_NDInitSweep_autodim_D1_NormTrue__JacobianODE,lorenz_partial_additive_encoderonly_nd75_init15_pcainit_autodim__kl_sweep_obsnoise005,24
20,24,24,1,3,1,3,1,3,0.9960278053624627,Lorenz_INDpartial_NDInitSweep_autodim_D1_NormTrue__JacobianODE,lorenz_partial_additive_encoderonly_nd75_init15_pcainit_autodim__kl_sweep_obsnoise005,24
30,24,6,1,3,1,3,1,3,0.9980139026812312,Lorenz_INDpartial_NDInitSweep_autodim_D1_NormTrue__JacobianODE,lorenz_partial_additive_encoderonly_nd75_init15_pcainit_autodim__kl_sweep_obsnoise005,24
50,24,5,1,3,1,3,1,3,0.9990069513406157,Lorenz_INDpartial_NDInitSweep_autodim_D1_NormTrue__JacobianODE,lorenz_partial_additive_encoderonly_nd75_init15_pcainit_autodim__kl_sweep_obsnoise005,24
5,40,25,1,1,1,1,1,2,0.7726078799249533,Lorenz_INDpartial_NDInitSweep_autodim_D1_NormTrue__JacobianODE,lorenz_partial_additive_splitmode_p30_obsnoise001_top3nd_init15_autodim__lc_obsnoisescale_sweep,40
10,40,17,1,2,1,2,1,2,0.8859287054409005,Lorenz_INDpartial_NDInitSweep_autodim_D1_NormTrue__JacobianODE,lorenz_partial_additive_splitmode_p30_obsnoise001_top3nd_init15_autodim__lc_obsnoisescale_sweep,40
15,40,11,1,2,1,2,1,2,0.9170731707317074,Lorenz_INDpartial_NDInitSweep_autodim_D1_NormTrue__JacobianODE,lorenz_partial_additive_splitmode_p30_obsnoise001_top3nd_init15_autodim__lc_obsnoisescale_sweep,40
20,40,9,1,2,1,3,1,3,0.9673545966228894,Lorenz_INDpartial_NDInitSweep_autodim_D1_NormTrue__JacobianODE,lorenz_partial_additive_splitmode_p30_obsnoise001_top3nd_init15_autodim__lc_obsnoisescale_sweep,40
30,40,4,1,3,1,3,1,3,0.9915572232645404,Lorenz_INDpartial_NDInitSweep_autodim_D1_NormTrue__JacobianODE,lorenz_partial_additive_splitmode_p30_obsnoise001_top3nd_init15_autodim__lc_obsnoisescale_sweep,40
50,40,1,1,3,1,3,1,3,1.0,Lorenz_INDpartial_NDInitSweep_autodim_D1_NormTrue__JacobianODE,lorenz_partial_additive_splitmode_p30_obsnoise001_top3nd_init15_autodim__lc_obsnoisescale_sweep,40
5,27,20,0,2,0,2,0,2,0.5177045177045178,Lorenz_INDpartial_NDInitSweep_autodim_D1_NormTrue__JacobianODE,lorenz_partial_additive_uniformLC_p30_obsnoise001_nd60_init15_autodim_lc1em4__validation_3x3x3_sweep,27
10,27,16,0,1,0,1,0,1,0.40048840048840045,Lorenz_INDpartial_NDInitSweep_autodim_D1_NormTrue__JacobianODE,lorenz_partial_additive_uniformLC_p30_obsnoise001_nd60_init15_autodim_lc1em4__validation_3x3x3_sweep,27
15,27,17,1,2,1,2,1,2,0.6727716727716728,Lorenz_INDpartial_NDInitSweep_autodim_D1_NormTrue__JacobianODE,lorenz_partial_additive_uniformLC_p30_obsnoise001_nd60_init15_autodim_lc1em4__validation_3x3x3_sweep,27
20,27,13,1,2,1,3,1,3,0.8058608058608058,Lorenz_INDpartial_NDInitSweep_autodim_D1_NormTrue__JacobianODE,lorenz_partial_additive_uniformLC_p30_obsnoise001_nd60_init15_autodim_lc1em4__validation_3x3x3_sweep,27
30,27,11,1,2,1,3,1,3,0.8638583638583639,Lorenz_INDpartial_NDInitSweep_autodim_D1_NormTrue__JacobianODE,lorenz_partial_additive_uniformLC_p30_obsnoise001_nd60_init15_autodim_lc1em4__validation_3x3x3_sweep,27
50,27,9,1,3,1,3,1,3,0.989010989010989,Lorenz_INDpartial_NDInitSweep_autodim_D1_NormTrue__JacobianODE,lorenz_partial_additive_uniformLC_p30_obsnoise001_nd60_init15_autodim_lc1em4__validation_3x3x3_sweep,27
5,27,17,1,2,1,3,1,3,0.9133089133089132,Lorenz_INDpartial_NDInitSweep_autodim_D1_NormTrue__JacobianODE,lorenz_partial_additive_uniformLC_p30_obsnoise005_nd45_init15_autodim_lc1em4__validation_3x3x3_sweep,27
10,27,14,1,3,1,3,1,3,0.9407814407814408,Lorenz_INDpartial_NDInitSweep_autodim_D1_NormTrue__JacobianODE,lorenz_partial_additive_uniformLC_p30_obsnoise005_nd45_init15_autodim_lc1em4__validation_3x3x3_sweep,27
15,27,13,1,3,1,3,1,3,0.9542124542124542,Lorenz_INDpartial_NDInitSweep_autodim_D1_NormTrue__JacobianODE,lorenz_partial_additive_uniformLC_p30_obsnoise005_nd45_init15_autodim_lc1em4__validation_3x3x3_sweep,27
20,27,12,1,3,1,3,1,3,0.9584859584859584,Lorenz_INDpartial_NDInitSweep_autodim_D1_NormTrue__JacobianODE,lorenz_partial_additive_uniformLC_p30_obsnoise005_nd45_init15_autodim_lc1em4__validation_3x3x3_sweep,27
30,27,5,1,2,1,3,1,3,0.9633699633699633,Lorenz_INDpartial_NDInitSweep_autodim_D1_NormTrue__JacobianODE,lorenz_partial_additive_uniformLC_p30_obsnoise005_nd45_init15_autodim_lc1em4__validation_3x3x3_sweep,27
50,27,3,1,3,1,3,1,3,0.996947496947497,Lorenz_INDpartial_NDInitSweep_autodim_D1_NormTrue__JacobianODE,lorenz_partial_additive_uniformLC_p30_obsnoise005_nd45_init15_autodim_lc1em4__validation_3x3x3_sweep,27
5,13,12,0,1,0,1,1,2,0.35714285714285715,Lorenz_INDpartial_NDInitSweep_autodim_D1_NormTrue__JacobianODE,lorenz_partial_additive_splitmode_p30_obsnoise005_top3nd_init15_autodim__lc_obsnoisescale_sweep,36
10,13,8,1,2,1,3,1,3,0.7307692307692307,Lorenz_INDpartial_NDInitSweep_autodim_D1_NormTrue__JacobianODE,lorenz_partial_additive_splitmode_p30_obsnoise005_top3nd_init15_autodim__lc_obsnoisescale_sweep,36
15,13,6,1,3,1,3,1,3,0.8956043956043955,Lorenz_INDpartial_NDInitSweep_autodim_D1_NormTrue__JacobianODE,lorenz_partial_additive_splitmode_p30_obsnoise005_top3nd_init15_autodim__lc_obsnoisescale_sweep,36
20,13,6,1,3,1,3,1,3,0.9615384615384615,Lorenz_INDpartial_NDInitSweep_autodim_D1_NormTrue__JacobianODE,lorenz_partial_additive_splitmode_p30_obsnoise005_top3nd_init15_autodim__lc_obsnoisescale_sweep,36
30,13,6,1,3,1,3,1,3,0.9615384615384615,Lorenz_INDpartial_NDInitSweep_autodim_D1_NormTrue__JacobianODE,lorenz_partial_additive_splitmode_p30_obsnoise005_top3nd_init15_autodim__lc_obsnoisescale_sweep,36
50,13,4,1,3,1,3,1,3,0.989010989010989,Lorenz_INDpartial_NDInitSweep_autodim_D1_NormTrue__JacobianODE,lorenz_partial_additive_splitmode_p30_obsnoise005_top3nd_init15_autodim__lc_obsnoisescale_sweep,36
5,21,21,1,3,1,3,1,3,0.20519480519480518,Lorenz_INDpartial_NDInitSweep_autodim_D1_NormTrue__JacobianODE,lorenz_partial_additive_splitmode_p30_obsnoise001_top3nd_init15_autodim__lc_sweep,21
10,21,21,1,3,1,3,1,3,0.46753246753246747,Lorenz_INDpartial_NDInitSweep_autodim_D1_NormTrue__JacobianODE,lorenz_partial_additive_splitmode_p30_obsnoise001_top3nd_init15_autodim__lc_sweep,21
15,21,21,1,3,1,3,1,3,0.9012987012987014,Lorenz_INDpartial_NDInitSweep_autodim_D1_NormTrue__JacobianODE,lorenz_partial_additive_splitmode_p30_obsnoise001_top3nd_init15_autodim__lc_sweep,21
20,21,21,1,3,1,3,1,3,0.9428571428571428,Lorenz_INDpartial_NDInitSweep_autodim_D1_NormTrue__JacobianODE,lorenz_partial_additive_splitmode_p30_obsnoise001_top3nd_init15_autodim__lc_sweep,21
30,21,21,1,3,1,3,1,3,0.9480519480519479,Lorenz_INDpartial_NDInitSweep_autodim_D1_NormTrue__JacobianODE,lorenz_partial_additive_splitmode_p30_obsnoise001_top3nd_init15_autodim__lc_sweep,21
50,21,21,1,3,1,3,1,3,0.9324675324675323,Lorenz_INDpartial_NDInitSweep_autodim_D1_NormTrue__JacobianODE,lorenz_partial_additive_splitmode_p30_obsnoise001_top3nd_init15_autodim__lc_sweep,21
5,21,17,1,2,1,2,1,2,0.4051948051948052,Lorenz_INDpartial_NDInitSweep_autodim_D1_NormTrue__JacobianODE,lorenz_partial_additive_splitmode_p30_obsnoise005_top3nd_init15_autodim__lc_sweep,21
10,21,18,0,1,1,3,1,3,0.5337662337662338,Lorenz_INDpartial_NDInitSweep_autodim_D1_NormTrue__JacobianODE,lorenz_partial_additive_splitmode_p30_obsnoise005_top3nd_init15_autodim__lc_sweep,21
15,21,19,1,2,1,3,1,3,0.42987012987012985,Lorenz_INDpartial_NDInitSweep_autodim_D1_NormTrue__JacobianODE,lorenz_partial_additive_splitmode_p30_obsnoise005_top3nd_init15_autodim__lc_sweep,21
20,21,20,1,2,1,3,1,3,0.5597402597402598,Lorenz_INDpartial_NDInitSweep_autodim_D1_NormTrue__JacobianODE,lorenz_partial_additive_splitmode_p30_obsnoise005_top3nd_init15_autodim__lc_sweep,21
30,21,21,0,2,1,3,1,3,0.7441558441558441,Lorenz_INDpartial_NDInitSweep_autodim_D1_NormTrue__JacobianODE,lorenz_partial_additive_splitmode_p30_obsnoise005_top3nd_init15_autodim__lc_sweep,21
50,21,21,1,3,1,3,1,3,0.8363636363636363,Lorenz_INDpartial_NDInitSweep_autodim_D1_NormTrue__JacobianODE,lorenz_partial_additive_splitmode_p30_obsnoise005_top3nd_init15_autodim__lc_sweep,21
5,10,10,1,1,1,1,1,2,0.35757575757575755,Lorenz_INDpartial_NDsweep_D1_NormTrue__JacobianODE,lorenz_partial_additive_mse_uniform_p30_obsnoise005__ndelays_sweep,10
10,10,10,0,2,0,2,1,3,0.6969696969696969,Lorenz_INDpartial_NDsweep_D1_NormTrue__JacobianODE,lorenz_partial_additive_mse_uniform_p30_obsnoise005__ndelays_sweep,10
15,10,10,0,2,0,2,1,3,0.6727272727272726,Lorenz_INDpartial_NDsweep_D1_NormTrue__JacobianODE,lorenz_partial_additive_mse_uniform_p30_obsnoise005__ndelays_sweep,10
20,10,10,1,3,1,3,1,3,0.9272727272727272,Lorenz_INDpartial_NDsweep_D1_NormTrue__JacobianODE,lorenz_partial_additive_mse_uniform_p30_obsnoise005__ndelays_sweep,10
30,10,9,1,3,1,3,1,3,0.9515151515151514,Lorenz_INDpartial_NDsweep_D1_NormTrue__JacobianODE,lorenz_partial_additive_mse_uniform_p30_obsnoise005__ndelays_sweep,10
50,10,8,1,3,1,3,1,3,0.9515151515151514,Lorenz_INDpartial_NDsweep_D1_NormTrue__JacobianODE,lorenz_partial_additive_mse_uniform_p30_obsnoise005__ndelays_sweep,10
5,10,9,0,1,0,1,1,2,0.11515151515151514,Lorenz_INDpartial_NDsweep_D1_NormTrue__JacobianODE,lorenz_partial_additive_mse_uniform_p30_obsnoise001__ndelays_sweep,10
10,10,9,0,1,0,2,1,3,0.5393939393939393,Lorenz_INDpartial_NDsweep_D1_NormTrue__JacobianODE,lorenz_partial_additive_mse_uniform_p30_obsnoise001__ndelays_sweep,10
15,10,8,1,2,1,2,1,3,0.8424242424242423,Lorenz_INDpartial_NDsweep_D1_NormTrue__JacobianODE,lorenz_partial_additive_mse_uniform_p30_obsnoise001__ndelays_sweep,10
20,10,10,1,3,1,3,1,3,0.8424242424242423,Lorenz_INDpartial_NDsweep_D1_NormTrue__JacobianODE,lorenz_partial_additive_mse_uniform_p30_obsnoise001__ndelays_sweep,10
30,10,8,1,2,1,3,1,3,0.8909090909090909,Lorenz_INDpartial_NDsweep_D1_NormTrue__JacobianODE,lorenz_partial_additive_mse_uniform_p30_obsnoise001__ndelays_sweep,10
50,10,8,1,3,1,3,1,3,0.9878787878787878,Lorenz_INDpartial_NDsweep_D1_NormTrue__JacobianODE,lorenz_partial_additive_mse_uniform_p30_obsnoise001__ndelays_sweep,10
5,9,9,0,2,0,2,0,2,0.016666666666666666,Lorenz_INDpartial_N100_D1_NormTrue_T7__JacobianODE,lorenz_partial_100d_7lat_additive_mse__lc_sweep,9
10,9,9,1,1,1,3,1,3,0.7,Lorenz_INDpartial_N100_D1_NormTrue_T7__JacobianODE,lorenz_partial_100d_7lat_additive_mse__lc_sweep,9
15,9,9,0,1,1,3,1,3,0.6833333333333333,Lorenz_INDpartial_N100_D1_NormTrue_T7__JacobianODE,lorenz_partial_100d_7lat_additive_mse__lc_sweep,9
20,9,9,0,2,1,3,1,3,0.7333333333333334,Lorenz_INDpartial_N100_D1_NormTrue_T7__JacobianODE,lorenz_partial_100d_7lat_additive_mse__lc_sweep,9
30,9,9,0,2,1,3,1,3,0.7999999999999999,Lorenz_INDpartial_N100_D1_NormTrue_T7__JacobianODE,lorenz_partial_100d_7lat_additive_mse__lc_sweep,9
50,9,9,0,1,0,2,1,3,0.6833333333333333,Lorenz_INDpartial_N100_D1_NormTrue_T7__JacobianODE,lorenz_partial_100d_7lat_additive_mse__lc_sweep,9
5,9,8,0,0,0,1,0,2,-0.41666666666666663,Lorenz_INDpartial_N100_D1_NormTrue_T7__JacobianODE,lorenz_partial_100d_7lat_additive_mse_p30__lc_sweep,9
10,9,8,1,2,1,3,1,3,0.8333333333333333,Lorenz_INDpartial_N100_D1_NormTrue_T7__JacobianODE,lorenz_partial_100d_7lat_additive_mse_p30__lc_sweep,9
15,9,9,1,3,1,3,1,3,0.9833333333333333,Lorenz_INDpartial_N100_D1_NormTrue_T7__JacobianODE,lorenz_partial_100d_7lat_additive_mse_p30__lc_sweep,9
20,9,9,1,3,1,3,1,3,0.9666666666666667,Lorenz_INDpartial_N100_D1_NormTrue_T7__JacobianODE,lorenz_partial_100d_7lat_additive_mse_p30__lc_sweep,9
30,9,9,1,3,1,3,1,3,0.9333333333333332,Lorenz_INDpartial_N100_D1_NormTrue_T7__JacobianODE,lorenz_partial_100d_7lat_additive_mse_p30__lc_sweep,9
50,9,9,1,2,1,3,1,3,0.9333333333333332,Lorenz_INDpartial_N100_D1_NormTrue_T7__JacobianODE,lorenz_partial_100d_7lat_additive_mse_p30__lc_sweep,9
5,9,9,0,0,1,2,1,2,0.3,Lorenz_INDpartial_N100_D1_NormTrue_T7__JacobianODE,lorenz_partial_100d_7lat_additive_mse_uniform_p30__lc_sweep,9
10,9,9,0,0,1,2,1,3,0.45,Lorenz_INDpartial_N100_D1_NormTrue_T7__JacobianODE,lorenz_partial_100d_7lat_additive_mse_uniform_p30__lc_sweep,9
15,9,9,0,0,1,2,1,3,0.4666666666666666,Lorenz_INDpartial_N100_D1_NormTrue_T7__JacobianODE,lorenz_partial_100d_7lat_additive_mse_uniform_p30__lc_sweep,9
20,9,9,0,0,1,2,1,3,0.48333333333333334,Lorenz_INDpartial_N100_D1_NormTrue_T7__JacobianODE,lorenz_partial_100d_7lat_additive_mse_uniform_p30__lc_sweep,9
30,9,9,0,0,1,2,1,3,0.45,Lorenz_INDpartial_N100_D1_NormTrue_T7__JacobianODE,lorenz_partial_100d_7lat_additive_mse_uniform_p30__lc_sweep,9
50,9,9,0,1,1,2,1,3,0.48333333333333334,Lorenz_INDpartial_N100_D1_NormTrue_T7__JacobianODE,lorenz_partial_100d_7lat_additive_mse_uniform_p30__lc_sweep,9
5,6,6,0,1,0,1,1,2,-0.14285714285714288,Lorenz_INDpartial_N100_D1_NormTrue_T7__JacobianODE,lorenz_partial_100d_7lat_additive_mse__klnull_sweep_v2,6
10,6,6,0,1,0,1,0,2,-0.2571428571428572,Lorenz_INDpartial_N100_D1_NormTrue_T7__JacobianODE,lorenz_partial_100d_7lat_additive_mse__klnull_sweep_v2,6
15,6,6,0,1,0,1,1,3,-0.14285714285714288,Lorenz_INDpartial_N100_D1_NormTrue_T7__JacobianODE,lorenz_partial_100d_7lat_additive_mse__klnull_sweep_v2,6
20,6,6,0,2,0,2,1,3,0.2571428571428572,Lorenz_INDpartial_N100_D1_NormTrue_T7__JacobianODE,lorenz_partial_100d_7lat_additive_mse__klnull_sweep_v2,6
30,6,6,0,2,0,2,0,2,-0.14285714285714288,Lorenz_INDpartial_N100_D1_NormTrue_T7__JacobianODE,lorenz_partial_100d_7lat_additive_mse__klnull_sweep_v2,6
50,6,6,0,1,0,1,0,2,-0.14285714285714288,Lorenz_INDpartial_N100_D1_NormTrue_T7__JacobianODE,lorenz_partial_100d_7lat_additive_mse__klnull_sweep_v2,6
5,9,9,1,3,1,3,1,3,0.8499999999999999,Lorenz_INDpartial_N100_D1_NormTrue_T7__JacobianODE,lorenz_partial_100d_7lat_additive_mse_uniform_obsnoise005__lc_sweep,9
10,9,9,1,3,1,3,1,3,0.6666666666666667,Lorenz_INDpartial_N100_D1_NormTrue_T7__JacobianODE,lorenz_partial_100d_7lat_additive_mse_uniform_obsnoise005__lc_sweep,9
15,9,9,0,2,1,3,1,3,0.26666666666666666,Lorenz_INDpartial_N100_D1_NormTrue_T7__JacobianODE,lorenz_partial_100d_7lat_additive_mse_uniform_obsnoise005__lc_sweep,9
20,9,9,1,3,1,3,1,3,0.6666666666666667,Lorenz_INDpartial_N100_D1_NormTrue_T7__JacobianODE,lorenz_partial_100d_7lat_additive_mse_uniform_obsnoise005__lc_sweep,9
30,9,9,1,3,1,3,1,3,0.75,Lorenz_INDpartial_N100_D1_NormTrue_T7__JacobianODE,lorenz_partial_100d_7lat_additive_mse_uniform_obsnoise005__lc_sweep,9
50,9,9,1,3,1,3,1,3,0.8166666666666667,Lorenz_INDpartial_N100_D1_NormTrue_T7__JacobianODE,lorenz_partial_100d_7lat_additive_mse_uniform_obsnoise005__lc_sweep,9
5,9,9,0,1,1,3,1,3,0.7833333333333333,Lorenz_INDpartial_N100_D1_NormTrue_T7__JacobianODE,lorenz_partial_100d_7lat_additive_mse_uniform_p30_obsnoise001__lc_sweep,9
10,9,9,0,1,1,3,1,3,0.8166666666666667,Lorenz_INDpartial_N100_D1_NormTrue_T7__JacobianODE,lorenz_partial_100d_7lat_additive_mse_uniform_p30_obsnoise001__lc_sweep,9
15,9,9,0,1,1,3,1,3,0.7833333333333333,Lorenz_INDpartial_N100_D1_NormTrue_T7__JacobianODE,lorenz_partial_100d_7lat_additive_mse_uniform_p30_obsnoise001__lc_sweep,9
20,9,9,0,1,1,3,1,3,0.7166666666666667,Lorenz_INDpartial_N100_D1_NormTrue_T7__JacobianODE,lorenz_partial_100d_7lat_additive_mse_uniform_p30_obsnoise001__lc_sweep,9
30,9,9,1,2,1,3,1,3,0.9,Lorenz_INDpartial_N100_D1_NormTrue_T7__JacobianODE,lorenz_partial_100d_7lat_additive_mse_uniform_p30_obsnoise001__lc_sweep,9
50,9,9,0,1,1,3,1,3,0.7333333333333334,Lorenz_INDpartial_N100_D1_NormTrue_T7__JacobianODE,lorenz_partial_100d_7lat_additive_mse_uniform_p30_obsnoise001__lc_sweep,9
5,9,7,1,1,1,1,1,1,-0.16666666666666669,Lorenz_INDpartial_N100_D1_NormTrue_T7__JacobianODE,lorenz_partial_100d_7lat_additive_mse_p30_obsnoise001__lc_sweep,9
10,9,7,1,2,1,3,1,3,0.8166666666666667,Lorenz_INDpartial_N100_D1_NormTrue_T7__JacobianODE,lorenz_partial_100d_7lat_additive_mse_p30_obsnoise001__lc_sweep,9
15,9,9,1,3,1,3,1,3,0.9666666666666667,Lorenz_INDpartial_N100_D1_NormTrue_T7__JacobianODE,lorenz_partial_100d_7lat_additive_mse_p30_obsnoise001__lc_sweep,9
20,9,9,1,3,1,3,1,3,0.9500000000000001,Lorenz_INDpartial_N100_D1_NormTrue_T7__JacobianODE,lorenz_partial_100d_7lat_additive_mse_p30_obsnoise001__lc_sweep,9
30,9,9,1,3,1,3,1,3,0.9,Lorenz_INDpartial_N100_D1_NormTrue_T7__JacobianODE,lorenz_partial_100d_7lat_additive_mse_p30_obsnoise001__lc_sweep,9
50,9,9,0,2,1,3,1,3,0.8499999999999999,Lorenz_INDpartial_N100_D1_NormTrue_T7__JacobianODE,lorenz_partial_100d_7lat_additive_mse_p30_obsnoise001__lc_sweep,9
5,9,9,1,3,1,3,1,3,0.8833333333333333,Lorenz_INDpartial_N25_D1_NormTrue_T3__JacobianODE,lorenz_partial_25d_additive_gennmse__lc_sweep,9
10,9,9,1,3,1,3,1,3,0.9,Lorenz_INDpartial_N25_D1_NormTrue_T3__JacobianODE,lorenz_partial_25d_additive_gennmse__lc_sweep,9
15,9,9,1,3,1,3,1,3,0.9,Lorenz_INDpartial_N25_D1_NormTrue_T3__JacobianODE,lorenz_partial_25d_additive_gennmse__lc_sweep,9
20,9,9,1,3,1,3,1,3,0.9333333333333332,Lorenz_INDpartial_N25_D1_NormTrue_T3__JacobianODE,lorenz_partial_25d_additive_gennmse__lc_sweep,9
30,9,9,1,3,1,3,1,3,0.8333333333333333,Lorenz_INDpartial_N25_D1_NormTrue_T3__JacobianODE,lorenz_partial_25d_additive_gennmse__lc_sweep,9
50,9,9,0,2,1,3,1,3,0.8166666666666667,Lorenz_INDpartial_N25_D1_NormTrue_T3__JacobianODE,lorenz_partial_25d_additive_gennmse__lc_sweep,9
5,9,9,1,2,1,3,1,3,0.7,Lorenz_INDpartial_N25_D1_NormTrue_T3__JacobianODE,lorenz_partial_25d_additive_mse__lc_sweep,9
10,9,9,1,2,1,3,1,3,0.7,Lorenz_INDpartial_N25_D1_NormTrue_T3__JacobianODE,lorenz_partial_25d_additive_mse__lc_sweep,9
15,9,9,1,2,1,3,1,3,0.6833333333333333,Lorenz_INDpartial_N25_D1_NormTrue_T3__JacobianODE,lorenz_partial_25d_additive_mse__lc_sweep,9
20,9,9,1,2,1,3,1,3,0.7,Lorenz_INDpartial_N25_D1_NormTrue_T3__JacobianODE,lorenz_partial_25d_additive_mse__lc_sweep,9
30,9,9,1,2,1,3,1,3,0.7,Lorenz_INDpartial_N25_D1_NormTrue_T3__JacobianODE,lorenz_partial_25d_additive_mse__lc_sweep,9
50,9,9,1,2,1,3,1,3,0.7,Lorenz_INDpartial_N25_D1_NormTrue_T3__JacobianODE,lorenz_partial_25d_additive_mse__lc_sweep,9
5,22,21,1,3,1,3,1,3,0.582294349484449,Lorenz_INDpartial_N25_D1_NormTrue_T3__JacobianODE,lorenz_partial_25d_additive_gennmse_adaptivelatent__lc_sweep,22
10,22,20,1,3,1,3,1,3,0.7003125834904999,Lorenz_INDpartial_N25_D1_NormTrue_T3__JacobianODE,lorenz_partial_25d_additive_gennmse_adaptivelatent__lc_sweep,22
15,22,20,1,3,1,3,1,3,0.7660909314134942,Lorenz_INDpartial_N25_D1_NormTrue_T3__JacobianODE,lorenz_partial_25d_additive_gennmse_adaptivelatent__lc_sweep,22
20,22,20,1,3,1,3,1,3,0.8205281848670066,Lorenz_INDpartial_N25_D1_NormTrue_T3__JacobianODE,lorenz_partial_25d_additive_gennmse_adaptivelatent__lc_sweep,22
30,22,20,1,3,1,3,1,3,0.7558839463909607,Lorenz_INDpartial_N25_D1_NormTrue_T3__JacobianODE,lorenz_partial_25d_additive_gennmse_adaptivelatent__lc_sweep,22
50,22,19,1,3,1,3,1,3,0.9087820155497738,Lorenz_INDpartial_N25_D1_NormTrue_T3__JacobianODE,lorenz_partial_25d_additive_gennmse_adaptivelatent__lc_sweep,22
5,18,18,1,3,1,3,1,3,0.42002063983488136,Lorenz_INDpartial_N25_D1_NormTrue_T3__JacobianODE,lorenz_partial_25d_additive_mse_uniform__lc_sweep,18
10,18,18,1,2,1,3,1,3,0.03199174406604747,Lorenz_INDpartial_N25_D1_NormTrue_T3__JacobianODE,lorenz_partial_25d_additive_mse_uniform__lc_sweep,18
15,18,18,1,3,1,3,1,3,0.4654282765737873,Lorenz_INDpartial_N25_D1_NormTrue_T3__JacobianODE,lorenz_partial_25d_additive_mse_uniform__lc_sweep,18
20,18,16,1,3,1,3,1,3,0.5810113519091847,Lorenz_INDpartial_N25_D1_NormTrue_T3__JacobianODE,lorenz_partial_25d_additive_mse_uniform__lc_sweep,18
30,18,13,1,3,1,3,1,3,0.7729618163054695,Lorenz_INDpartial_N25_D1_NormTrue_T3__JacobianODE,lorenz_partial_25d_additive_mse_uniform__lc_sweep,18
50,18,13,1,3,1,3,1,3,0.9009287925696594,Lorenz_INDpartial_N25_D1_NormTrue_T3__JacobianODE,lorenz_partial_25d_additive_mse_uniform__lc_sweep,18
5,9,9,1,2,1,3,1,3,0.39999999999999997,Lorenz_INDpartial_N25_D1_NormTrue_T3__JacobianODE,lorenz_partial_25d_additive_mse_p30__lc_sweep,9
10,9,9,0,2,1,3,1,3,0.5666666666666667,Lorenz_INDpartial_N25_D1_NormTrue_T3__JacobianODE,lorenz_partial_25d_additive_mse_p30__lc_sweep,9
15,9,9,1,2,1,3,1,3,0.39999999999999997,Lorenz_INDpartial_N25_D1_NormTrue_T3__JacobianODE,lorenz_partial_25d_additive_mse_p30__lc_sweep,9
20,9,9,1,2,1,3,1,3,0.39999999999999997,Lorenz_INDpartial_N25_D1_NormTrue_T3__JacobianODE,lorenz_partial_25d_additive_mse_p30__lc_sweep,9
30,9,8,1,3,1,3,1,3,0.7166666666666667,Lorenz_INDpartial_N25_D1_NormTrue_T3__JacobianODE,lorenz_partial_25d_additive_mse_p30__lc_sweep,9
50,9,8,1,3,1,3,1,3,0.9333333333333332,Lorenz_INDpartial_N25_D1_NormTrue_T3__JacobianODE,lorenz_partial_25d_additive_mse_p30__lc_sweep,9
5,9,8,0,0,1,2,1,3,0.5166666666666667,Lorenz_INDpartial_N25_D1_NormTrue_T3__JacobianODE,lorenz_partial_25d_additive_mse_uniform_p30__lc_sweep,9
10,9,9,0,2,1,3,1,3,0.8333333333333333,Lorenz_INDpartial_N25_D1_NormTrue_T3__JacobianODE,lorenz_partial_25d_additive_mse_uniform_p30__lc_sweep,9
15,9,9,0,2,1,3,1,3,0.7666666666666667,Lorenz_INDpartial_N25_D1_NormTrue_T3__JacobianODE,lorenz_partial_25d_additive_mse_uniform_p30__lc_sweep,9
20,9,9,1,2,1,3,1,3,0.8166666666666667,Lorenz_INDpartial_N25_D1_NormTrue_T3__JacobianODE,lorenz_partial_25d_additive_mse_uniform_p30__lc_sweep,9
30,9,9,1,3,1,3,1,3,0.9833333333333333,Lorenz_INDpartial_N25_D1_NormTrue_T3__JacobianODE,lorenz_partial_25d_additive_mse_uniform_p30__lc_sweep,9
50,9,9,0,2,1,3,1,3,0.8333333333333333,Lorenz_INDpartial_N25_D1_NormTrue_T3__JacobianODE,lorenz_partial_25d_additive_mse_uniform_p30__lc_sweep,9
5,9,9,1,3,1,3,1,3,0.9333333333333332,Lorenz_INDpartial_N25_D1_NormTrue_T3__JacobianODE,lorenz_partial_25d_additive_mse_obsnoise001__lc_sweep,9
10,9,9,1,3,1,3,1,3,0.9333333333333332,Lorenz_INDpartial_N25_D1_NormTrue_T3__JacobianODE,lorenz_partial_25d_additive_mse_obsnoise001__lc_sweep,9
15,9,9,1,3,1,3,1,3,0.9333333333333332,Lorenz_INDpartial_N25_D1_NormTrue_T3__JacobianODE,lorenz_partial_25d_additive_mse_obsnoise001__lc_sweep,9
20,9,9,1,3,1,3,1,3,0.9333333333333332,Lorenz_INDpartial_N25_D1_NormTrue_T3__JacobianODE,lorenz_partial_25d_additive_mse_obsnoise001__lc_sweep,9
30,9,9,1,3,1,3,1,3,0.9333333333333332,Lorenz_INDpartial_N25_D1_NormTrue_T3__JacobianODE,lorenz_partial_25d_additive_mse_obsnoise001__lc_sweep,9
50,9,9,1,3,1,3,1,3,0.9166666666666666,Lorenz_INDpartial_N25_D1_NormTrue_T3__JacobianODE,lorenz_partial_25d_additive_mse_obsnoise001__lc_sweep,9
5,9,9,1,2,1,3,1,3,0.8333333333333333,Lorenz_INDpartial_N25_D1_NormTrue_T3__JacobianODE,lorenz_partial_25d_additive_mse_uniform_obsnoise005__lc_sweep,9
10,9,9,1,3,1,3,1,3,0.9333333333333332,Lorenz_INDpartial_N25_D1_NormTrue_T3__JacobianODE,lorenz_partial_25d_additive_mse_uniform_obsnoise005__lc_sweep,9
15,9,9,1,3,1,3,1,3,0.9333333333333332,Lorenz_INDpartial_N25_D1_NormTrue_T3__JacobianODE,lorenz_partial_25d_additive_mse_uniform_obsnoise005__lc_sweep,9
20,9,9,1,3,1,3,1,3,0.9333333333333332,Lorenz_INDpartial_N25_D1_NormTrue_T3__JacobianODE,lorenz_partial_25d_additive_mse_uniform_obsnoise005__lc_sweep,9
30,9,9,1,3,1,3,1,3,0.9333333333333332,Lorenz_INDpartial_N25_D1_NormTrue_T3__JacobianODE,lorenz_partial_25d_additive_mse_uniform_obsnoise005__lc_sweep,9
50,9,9,1,3,1,3,1,3,0.9666666666666667,Lorenz_INDpartial_N25_D1_NormTrue_T3__JacobianODE,lorenz_partial_25d_additive_mse_uniform_obsnoise005__lc_sweep,9
5,9,9,1,2,1,3,1,3,0.9500000000000001,Lorenz_INDpartial_N25_D1_NormTrue_T3__JacobianODE,lorenz_partial_25d_additive_mse_uniform_p30_obsnoise001__lc_sweep,9
10,9,9,1,2,1,3,1,3,0.9833333333333333,Lorenz_INDpartial_N25_D1_NormTrue_T3__JacobianODE,lorenz_partial_25d_additive_mse_uniform_p30_obsnoise001__lc_sweep,9
15,9,9,1,3,1,3,1,3,0.9500000000000001,Lorenz_INDpartial_N25_D1_NormTrue_T3__JacobianODE,lorenz_partial_25d_additive_mse_uniform_p30_obsnoise001__lc_sweep,9
20,9,9,0,2,1,3,1,3,0.8499999999999999,Lorenz_INDpartial_N25_D1_NormTrue_T3__JacobianODE,lorenz_partial_25d_additive_mse_uniform_p30_obsnoise001__lc_sweep,9
30,9,9,1,2,1,3,1,3,0.9166666666666666,Lorenz_INDpartial_N25_D1_NormTrue_T3__JacobianODE,lorenz_partial_25d_additive_mse_uniform_p30_obsnoise001__lc_sweep,9
50,9,9,1,2,1,3,1,3,0.9,Lorenz_INDpartial_N25_D1_NormTrue_T3__JacobianODE,lorenz_partial_25d_additive_mse_uniform_p30_obsnoise001__lc_sweep,9
5,9,9,1,2,1,3,1,3,0.6666666666666667,Lorenz_INDpartial_N25_D1_NormTrue_T3__JacobianODE,lorenz_partial_25d_additive_mse_p30_obsnoise001__lc_sweep,9
10,9,9,0,2,1,3,1,3,0.6,Lorenz_INDpartial_N25_D1_NormTrue_T3__JacobianODE,lorenz_partial_25d_additive_mse_p30_obsnoise001__lc_sweep,9
15,9,8,1,2,1,3,1,3,0.7833333333333333,Lorenz_INDpartial_N25_D1_NormTrue_T3__JacobianODE,lorenz_partial_25d_additive_mse_p30_obsnoise001__lc_sweep,9
20,9,9,1,2,1,3,1,3,0.7166666666666667,Lorenz_INDpartial_N25_D1_NormTrue_T3__JacobianODE,lorenz_partial_25d_additive_mse_p30_obsnoise001__lc_sweep,9
30,9,9,1,2,1,2,1,3,0.6166666666666666,Lorenz_INDpartial_N25_D1_NormTrue_T3__JacobianODE,lorenz_partial_25d_additive_mse_p30_obsnoise001__lc_sweep,9
50,9,8,1,2,1,3,1,3,0.7,Lorenz_INDpartial_N25_D1_NormTrue_T3__JacobianODE,lorenz_partial_25d_additive_mse_p30_obsnoise001__lc_sweep,9
5,9,9,1,2,1,3,1,3,0.9833333333333333,Lorenz_INDpartial_N25_D1_NormTrue_T3__JacobianODE,lorenz_partial_25d_additive_gennmse_obsnoise001__lc_sweep,11
10,9,9,1,2,1,3,1,3,0.9666666666666667,Lorenz_INDpartial_N25_D1_NormTrue_T3__JacobianODE,lorenz_partial_25d_additive_gennmse_obsnoise001__lc_sweep,11
15,9,9,1,2,1,3,1,3,0.9666666666666667,Lorenz_INDpartial_N25_D1_NormTrue_T3__JacobianODE,lorenz_partial_25d_additive_gennmse_obsnoise001__lc_sweep,11
20,9,9,1,2,1,3,1,3,0.9833333333333333,Lorenz_INDpartial_N25_D1_NormTrue_T3__JacobianODE,lorenz_partial_25d_additive_gennmse_obsnoise001__lc_sweep,11
30,9,9,1,2,1,3,1,3,0.9833333333333333,Lorenz_INDpartial_N25_D1_NormTrue_T3__JacobianODE,lorenz_partial_25d_additive_gennmse_obsnoise001__lc_sweep,11
50,9,9,1,2,1,3,1,3,0.9666666666666667,Lorenz_INDpartial_N25_D1_NormTrue_T3__JacobianODE,lorenz_partial_25d_additive_gennmse_obsnoise001__lc_sweep,11
5,38,37,0,2,1,3,1,3,0.6677973520078784,Lorenz_INDpartial_N25_D1_NormTrue_T3__JacobianODE,lorenz_partial_25d_additive_mse_uniform_p30_obsnoise001__enchd_lc_sweep,39
10,38,33,0,1,0,2,1,3,0.562315351789036,Lorenz_INDpartial_N25_D1_NormTrue_T3__JacobianODE,lorenz_partial_25d_additive_mse_uniform_p30_obsnoise001__enchd_lc_sweep,39
15,38,36,1,2,1,3,1,3,0.7599299704562862,Lorenz_INDpartial_N25_D1_NormTrue_T3__JacobianODE,lorenz_partial_25d_additive_mse_uniform_p30_obsnoise001__enchd_lc_sweep,39
20,38,35,0,2,1,3,1,3,0.7406718459350038,Lorenz_INDpartial_N25_D1_NormTrue_T3__JacobianODE,lorenz_partial_25d_additive_mse_uniform_p30_obsnoise001__enchd_lc_sweep,39
30,38,34,1,2,1,3,1,3,0.8148593938067622,Lorenz_INDpartial_N25_D1_NormTrue_T3__JacobianODE,lorenz_partial_25d_additive_mse_uniform_p30_obsnoise001__enchd_lc_sweep,39
50,38,29,1,3,1,3,1,3,0.8781048254732464,Lorenz_INDpartial_N25_D1_NormTrue_T3__JacobianODE,lorenz_partial_25d_additive_mse_uniform_p30_obsnoise001__enchd_lc_sweep,39
5,8,4,1,3,1,3,1,3,0.9761904761904763,Lorenz_INDpartial_N25_D1_NormTrue_T3__JacobianODE,lorenz_partial_25d_additive_mse_uniform_p30_obsnoise001__nolpl_lc_sweep,8
10,8,4,1,3,1,3,1,3,0.9761904761904763,Lorenz_INDpartial_N25_D1_NormTrue_T3__JacobianODE,lorenz_partial_25d_additive_mse_uniform_p30_obsnoise001__nolpl_lc_sweep,8
15,8,5,1,2,1,2,1,3,0.7380952380952381,Lorenz_INDpartial_N25_D1_NormTrue_T3__JacobianODE,lorenz_partial_25d_additive_mse_uniform_p30_obsnoise001__nolpl_lc_sweep,8
20,8,8,1,2,1,2,1,3,0.6428571428571429,Lorenz_INDpartial_N25_D1_NormTrue_T3__JacobianODE,lorenz_partial_25d_additive_mse_uniform_p30_obsnoise001__nolpl_lc_sweep,8
30,8,8,1,3,1,3,1,3,0.9761904761904763,Lorenz_INDpartial_N25_D1_NormTrue_T3__JacobianODE,lorenz_partial_25d_additive_mse_uniform_p30_obsnoise001__nolpl_lc_sweep,8
50,8,8,0,2,1,3,1,3,0.7857142857142858,Lorenz_INDpartial_N25_D1_NormTrue_T3__JacobianODE,lorenz_partial_25d_additive_mse_uniform_p30_obsnoise001__nolpl_lc_sweep,8
5,59,58,0,2,1,3,1,3,0.48682815703860455,Lorenz_INDpartial_N25_D1_NormTrue_T3__JacobianODE,lorenz_partial_25d_additive_mse_uniform_p30_obsnoise001__vae_kl_lc_sweep,60
10,59,57,0,2,1,3,1,3,0.5737695452183272,Lorenz_INDpartial_N25_D1_NormTrue_T3__JacobianODE,lorenz_partial_25d_additive_mse_uniform_p30_obsnoise001__vae_kl_lc_sweep,60
15,59,54,1,2,1,2,1,3,0.7520508846723769,Lorenz_INDpartial_N25_D1_NormTrue_T3__JacobianODE,lorenz_partial_25d_additive_mse_uniform_p30_obsnoise001__vae_kl_lc_sweep,60
20,59,54,0,1,1,3,1,3,0.6697658817667692,Lorenz_INDpartial_N25_D1_NormTrue_T3__JacobianODE,lorenz_partial_25d_additive_mse_uniform_p30_obsnoise001__vae_kl_lc_sweep,60
30,59,52,1,2,1,3,1,3,0.7878686072588384,Lorenz_INDpartial_N25_D1_NormTrue_T3__JacobianODE,lorenz_partial_25d_additive_mse_uniform_p30_obsnoise001__vae_kl_lc_sweep,60
50,59,46,1,3,1,3,1,3,0.870482055387495,Lorenz_INDpartial_N25_D1_NormTrue_T3__JacobianODE,lorenz_partial_25d_additive_mse_uniform_p30_obsnoise001__vae_kl_lc_sweep,60
5,9,9,0,1,1,2,1,3,0.16666666666666669,Lorenz_INDpartial_N25_D1_NormTrue_T3__JacobianODE,lorenz_partial_25d_additive_mse_uniform_p30_obsnoise005__lc_sweep,9
10,9,9,0,1,1,2,1,3,0.19999999999999998,Lorenz_INDpartial_N25_D1_NormTrue_T3__JacobianODE,lorenz_partial_25d_additive_mse_uniform_p30_obsnoise005__lc_sweep,9
15,9,9,0,2,1,3,1,3,0.48333333333333334,Lorenz_INDpartial_N25_D1_NormTrue_T3__JacobianODE,lorenz_partial_25d_additive_mse_uniform_p30_obsnoise005__lc_sweep,9
20,9,9,0,1,1,3,1,3,0.18333333333333335,Lorenz_INDpartial_N25_D1_NormTrue_T3__JacobianODE,lorenz_partial_25d_additive_mse_uniform_p30_obsnoise005__lc_sweep,9
30,9,9,0,2,0,2,1,3,0.31666666666666665,Lorenz_INDpartial_N25_D1_NormTrue_T3__JacobianODE,lorenz_partial_25d_additive_mse_uniform_p30_obsnoise005__lc_sweep,9
50,9,7,0,2,1,3,1,3,0.6166666666666666,Lorenz_INDpartial_N25_D1_NormTrue_T3__JacobianODE,lorenz_partial_25d_additive_mse_uniform_p30_obsnoise005__lc_sweep,9
5,9,9,1,2,1,3,1,3,0.8833333333333333,Lorenz_INDpartial_N25_D1_NormTrue_T3__JacobianODE,lorenz_partial_25d_additive_mse_uniform_p10_obsnoise005__lc_sweep,9
10,9,9,1,2,1,3,1,3,0.9,Lorenz_INDpartial_N25_D1_NormTrue_T3__JacobianODE,lorenz_partial_25d_additive_mse_uniform_p10_obsnoise005__lc_sweep,9
15,9,9,1,2,1,3,1,3,0.9500000000000001,Lorenz_INDpartial_N25_D1_NormTrue_T3__JacobianODE,lorenz_partial_25d_additive_mse_uniform_p10_obsnoise005__lc_sweep,9
20,9,9,1,2,1,3,1,3,0.9500000000000001,Lorenz_INDpartial_N25_D1_NormTrue_T3__JacobianODE,lorenz_partial_25d_additive_mse_uniform_p10_obsnoise005__lc_sweep,9
30,9,9,1,2,1,3,1,3,0.9166666666666666,Lorenz_INDpartial_N25_D1_NormTrue_T3__JacobianODE,lorenz_partial_25d_additive_mse_uniform_p10_obsnoise005__lc_sweep,9
50,9,8,1,2,1,3,1,3,0.9500000000000001,Lorenz_INDpartial_N25_D1_NormTrue_T3__JacobianODE,lorenz_partial_25d_additive_mse_uniform_p10_obsnoise005__lc_sweep,9
5,9,9,0,2,1,3,1,3,0.8833333333333333,Lorenz_INDpartial_N25_D1_NormTrue_T3__JacobianODE,lorenz_partial_25d_additive_mse_uniform_p50_obsnoise005__lc_sweep,9
10,9,9,0,1,1,3,1,3,0.5166666666666667,Lorenz_INDpartial_N25_D1_NormTrue_T3__JacobianODE,lorenz_partial_25d_additive_mse_uniform_p50_obsnoise005__lc_sweep,9
15,9,9,1,3,1,3,1,3,0.9,Lorenz_INDpartial_N25_D1_NormTrue_T3__JacobianODE,lorenz_partial_25d_additive_mse_uniform_p50_obsnoise005__lc_sweep,9
20,9,9,1,3,1,3,1,3,0.9500000000000001,Lorenz_INDpartial_N25_D1_NormTrue_T3__JacobianODE,lorenz_partial_25d_additive_mse_uniform_p50_obsnoise005__lc_sweep,9
30,9,9,1,2,1,3,1,3,0.8666666666666667,Lorenz_INDpartial_N25_D1_NormTrue_T3__JacobianODE,lorenz_partial_25d_additive_mse_uniform_p50_obsnoise005__lc_sweep,9
50,9,9,1,2,1,3,1,3,0.8833333333333333,Lorenz_INDpartial_N25_D1_NormTrue_T3__JacobianODE,lorenz_partial_25d_additive_mse_uniform_p50_obsnoise005__lc_sweep,9
5,9,4,1,3,1,3,1,3,1.0,Lorenz_INDpartial_N25_D1_NormTrue_T3__JacobianODE,lorenz_partial_25d_additive_mse_uniform_p50_obsnoise001__lc_sweep,9
10,9,9,0,2,1,3,1,3,0.8499999999999999,Lorenz_INDpartial_N25_D1_NormTrue_T3__JacobianODE,lorenz_partial_25d_additive_mse_uniform_p50_obsnoise001__lc_sweep,9
15,9,9,1,3,1,3,1,3,0.9333333333333332,Lorenz_INDpartial_N25_D1_NormTrue_T3__JacobianODE,lorenz_partial_25d_additive_mse_uniform_p50_obsnoise001__lc_sweep,9
20,9,9,1,2,1,3,1,3,0.7999999999999999,Lorenz_INDpartial_N25_D1_NormTrue_T3__JacobianODE,lorenz_partial_25d_additive_mse_uniform_p50_obsnoise001__lc_sweep,9
30,9,9,1,2,1,3,1,3,0.9,Lorenz_INDpartial_N25_D1_NormTrue_T3__JacobianODE,lorenz_partial_25d_additive_mse_uniform_p50_obsnoise001__lc_sweep,9
50,9,9,1,2,1,3,1,3,0.8333333333333333,Lorenz_INDpartial_N25_D1_NormTrue_T3__JacobianODE,lorenz_partial_25d_additive_mse_uniform_p50_obsnoise001__lc_sweep,9
5,27,27,0,1,0,2,1,3,0.572039072039072,WMTask_identity_encoder_verification,additive_joint_with_lpl_nmse__lc_obsnoise_sweep,27
10,27,27,0,2,0,2,1,3,0.5995115995115995,WMTask_identity_encoder_verification,additive_joint_with_lpl_nmse__lc_obsnoise_sweep,27
15,27,27,0,2,0,2,1,3,0.5958485958485958,WMTask_identity_encoder_verification,additive_joint_with_lpl_nmse__lc_obsnoise_sweep,27
20,27,25,0,2,0,2,1,3,0.6672771672771672,WMTask_identity_encoder_verification,additive_joint_with_lpl_nmse__lc_obsnoise_sweep,27
30,27,10,0,2,1,3,1,3,0.868131868131868,WMTask_identity_encoder_verification,additive_joint_with_lpl_nmse__lc_obsnoise_sweep,27
50,27,0,1,3,1,3,1,3,0.9999999999999999,WMTask_identity_encoder_verification,additive_joint_with_lpl_nmse__lc_obsnoise_sweep,27
5,24,24,1,1,1,2,1,3,0.7330434782608695,WMTask_identity_encoder_verification,additive_joint_with_lpl_gennmse__lc_obsnoise_sweep,24
10,24,24,1,2,1,2,1,3,0.737391304347826,WMTask_identity_encoder_verification,additive_joint_with_lpl_gennmse__lc_obsnoise_sweep,24
15,24,23,1,2,1,3,1,3,0.8017391304347825,WMTask_identity_encoder_verification,additive_joint_with_lpl_gennmse__lc_obsnoise_sweep,24
20,24,15,1,3,1,3,1,3,0.88,WMTask_identity_encoder_verification,additive_joint_with_lpl_gennmse__lc_obsnoise_sweep,24
30,24,4,1,3,1,3,1,3,0.9904347826086956,WMTask_identity_encoder_verification,additive_joint_with_lpl_gennmse__lc_obsnoise_sweep,24
50,24,0,1,3,1,3,1,3,0.9999999999999999,WMTask_identity_encoder_verification,additive_joint_with_lpl_gennmse__lc_obsnoise_sweep,24
5,27,27,1,3,1,3,1,3,0.8400488400488401,WMTask_identity_encoder_verification,additive_joint_with_lpl_mse__lc_obsnoise_sweep,27
10,27,27,1,3,1,3,1,3,0.8034188034188033,WMTask_identity_encoder_verification,additive_joint_with_lpl_mse__lc_obsnoise_sweep,27
15,27,27,1,2,1,3,1,3,0.8034188034188033,WMTask_identity_encoder_verification,additive_joint_with_lpl_mse__lc_obsnoise_sweep,27
20,27,17,1,3,1,3,1,3,0.9023199023199022,WMTask_identity_encoder_verification,additive_joint_with_lpl_mse__lc_obsnoise_sweep,27
30,27,11,1,3,1,3,1,3,0.9664224664224663,WMTask_identity_encoder_verification,additive_joint_with_lpl_mse__lc_obsnoise_sweep,27
50,27,0,1,3,1,3,1,3,0.9999999999999999,WMTask_identity_encoder_verification,additive_joint_with_lpl_mse__lc_obsnoise_sweep,27
5,9,9,0,2,1,3,1,3,0.8333333333333333,WMTask_identity_encoder_verification,wmtask_vanilla_mse_p30__lc_sweep,9
10,9,7,1,3,1,3,1,3,0.9500000000000001,WMTask_identity_encoder_verification,wmtask_vanilla_mse_p30__lc_sweep,9
15,9,1,1,3,1,3,1,3,0.9833333333333333,WMTask_identity_encoder_verification,wmtask_vanilla_mse_p30__lc_sweep,9
20,9,1,1,3,1,3,1,3,1.0,WMTask_identity_encoder_verification,wmtask_vanilla_mse_p30__lc_sweep,9
30,9,0,1,3,1,3,1,3,1.0,WMTask_identity_encoder_verification,wmtask_vanilla_mse_p30__lc_sweep,9
50,9,0,1,3,1,3,1,3,1.0,WMTask_identity_encoder_verification,wmtask_vanilla_mse_p30__lc_sweep,9
5,9,9,1,3,1,3,1,3,0.9666666666666667,WMTask_identity_encoder_verification,wmtask_latent_additive_mse_p30__lc_sweep,9
10,9,1,1,3,1,3,1,3,1.0,WMTask_identity_encoder_verification,wmtask_latent_additive_mse_p30__lc_sweep,9
15,9,0,1,3,1,3,1,3,1.0,WMTask_identity_encoder_verification,wmtask_latent_additive_mse_p30__lc_sweep,9
20,9,0,1,3,1,3,1,3,1.0,WMTask_identity_encoder_verification,wmtask_latent_additive_mse_p30__lc_sweep,9
30,9,0,1,3,1,3,1,3,1.0,WMTask_identity_encoder_verification,wmtask_latent_additive_mse_p30__lc_sweep,9
50,9,0,1,3,1,3,1,3,1.0,WMTask_identity_encoder_verification,wmtask_latent_additive_mse_p30__lc_sweep,9
5,21,21,1,2,1,3,1,3,0.7792207792207791,WMTask_identity_encoder_verification,wmtask_direct_sum_additive_splitmode_p30_full128__lc_x_obsnoisescale_sweep,21
10,21,21,1,2,1,3,1,3,0.8610389610389609,WMTask_identity_encoder_verification,wmtask_direct_sum_additive_splitmode_p30_full128__lc_x_obsnoisescale_sweep,21
15,21,21,1,3,1,3,1,3,0.8454545454545455,WMTask_identity_encoder_verification,wmtask_direct_sum_additive_splitmode_p30_full128__lc_x_obsnoisescale_sweep,21
20,21,21,1,2,1,3,1,3,0.9142857142857143,WMTask_identity_encoder_verification,wmtask_direct_sum_additive_splitmode_p30_full128__lc_x_obsnoisescale_sweep,21
30,21,21,1,3,1,3,1,3,0.8883116883116883,WMTask_identity_encoder_verification,wmtask_direct_sum_additive_splitmode_p30_full128__lc_x_obsnoisescale_sweep,21
50,21,0,1,3,1,3,1,3,1.0,WMTask_identity_encoder_verification,wmtask_direct_sum_additive_splitmode_p30_full128__lc_x_obsnoisescale_sweep,21
5,21,19,1,3,1,3,1,3,0.8597402597402597,WMTask_identity_encoder_verification,wmtask_direct_sum_additive_splitmode_p30_perareaautodim__lc_x_obsnoisescale_sweep,21
10,21,18,0,0,1,3,1,3,0.5805194805194805,WMTask_identity_encoder_verification,wmtask_direct_sum_additive_splitmode_p30_perareaautodim__lc_x_obsnoisescale_sweep,21
15,21,18,1,3,1,3,1,3,0.7272727272727273,WMTask_identity_encoder_verification,wmtask_direct_sum_additive_splitmode_p30_perareaautodim__lc_x_obsnoisescale_sweep,21
20,21,18,1,2,1,3,1,3,0.6987012987012987,WMTask_identity_encoder_verification,wmtask_direct_sum_additive_splitmode_p30_perareaautodim__lc_x_obsnoisescale_sweep,21
30,21,17,1,2,1,3,1,3,0.7623376623376623,WMTask_identity_encoder_verification,wmtask_direct_sum_additive_splitmode_p30_perareaautodim__lc_x_obsnoisescale_sweep,21
50,21,0,1,3,1,3,1,3,1.0,WMTask_identity_encoder_verification,wmtask_direct_sum_additive_splitmode_p30_perareaautodim__lc_x_obsnoisescale_sweep,21
5,21,21,0,1,1,3,1,3,0.7506493506493507,WMTask_identity_encoder_verification,wmtask_direct_sum_additive_splitmode_p30_full128_randinit_dualckpt__lc_x_obsnoisescale_sweep,21
10,21,21,1,1,1,3,1,3,0.8441558441558441,WMTask_identity_encoder_verification,wmtask_direct_sum_additive_splitmode_p30_full128_randinit_dualckpt__lc_x_obsnoisescale_sweep,21
15,21,20,1,2,1,3,1,3,0.8467532467532467,WMTask_identity_encoder_verification,wmtask_direct_sum_additive_splitmode_p30_full128_randinit_dualckpt__lc_x_obsnoisescale_sweep,21
20,21,19,0,1,1,3,1,3,0.8090909090909091,WMTask_identity_encoder_verification,wmtask_direct_sum_additive_splitmode_p30_full128_randinit_dualckpt__lc_x_obsnoisescale_sweep,21
30,21,19,1,3,1,3,1,3,0.9246753246753248,WMTask_identity_encoder_verification,wmtask_direct_sum_additive_splitmode_p30_full128_randinit_dualckpt__lc_x_obsnoisescale_sweep,21
50,21,0,1,3,1,3,1,3,1.0,WMTask_identity_encoder_verification,wmtask_direct_sum_additive_splitmode_p30_full128_randinit_dualckpt__lc_x_obsnoisescale_sweep,21
5,54,54,1,3,1,3,1,3,0.5288342435802312,Lorenz_IND[0]_N25_D1_NormTrue_T3__JacobianODE,spline_coupling__geometric_noise__sweep_lc_x_kl_dyn_30step_cleantarget,54
10,54,52,1,3,1,3,1,3,0.8215851473447447,Lorenz_IND[0]_N25_D1_NormTrue_T3__JacobianODE,spline_coupling__geometric_noise__sweep_lc_x_kl_dyn_30step_cleantarget,54
15,54,49,1,3,1,3,1,3,0.8603179444169112,Lorenz_IND[0]_N25_D1_NormTrue_T3__JacobianODE,spline_coupling__geometric_noise__sweep_lc_x_kl_dyn_30step_cleantarget,54
20,54,48,1,3,1,3,1,3,0.8924936144256794,Lorenz_IND[0]_N25_D1_NormTrue_T3__JacobianODE,spline_coupling__geometric_noise__sweep_lc_x_kl_dyn_30step_cleantarget,54
30,54,47,1,3,1,3,1,3,0.8980595478632153,Lorenz_IND[0]_N25_D1_NormTrue_T3__JacobianODE,spline_coupling__geometric_noise__sweep_lc_x_kl_dyn_30step_cleantarget,54
50,54,44,1,3,1,3,1,3,0.9216194578933322,Lorenz_IND[0]_N25_D1_NormTrue_T3__JacobianODE,spline_coupling__geometric_noise__sweep_lc_x_kl_dyn_30step_cleantarget,54
5,39,39,1,3,1,3,1,3,0.5880566801619435,Lorenz_PARTIAL_N25_D1_NormTrue_T3__JacobianODE,spline_coupling__jacobian_noise__sweep_lc_x_kl_dyn_30step,39
10,39,36,0,2,1,3,1,3,0.8010121457489878,Lorenz_PARTIAL_N25_D1_NormTrue_T3__JacobianODE,spline_coupling__jacobian_noise__sweep_lc_x_kl_dyn_30step,39
15,39,36,1,1,1,3,1,3,0.7917004048582996,Lorenz_PARTIAL_N25_D1_NormTrue_T3__JacobianODE,spline_coupling__jacobian_noise__sweep_lc_x_kl_dyn_30step,39
20,39,36,1,3,1,3,1,3,0.899595141700405,Lorenz_PARTIAL_N25_D1_NormTrue_T3__JacobianODE,spline_coupling__jacobian_noise__sweep_lc_x_kl_dyn_30step,39
30,39,33,1,3,1,3,1,3,0.9046558704453441,Lorenz_PARTIAL_N25_D1_NormTrue_T3__JacobianODE,spline_coupling__jacobian_noise__sweep_lc_x_kl_dyn_30step,39
50,39,29,1,3,1,3,1,3,0.9303643724696357,Lorenz_PARTIAL_N25_D1_NormTrue_T3__JacobianODE,spline_coupling__jacobian_noise__sweep_lc_x_kl_dyn_30step,39
5,66,63,1,3,1,3,1,3,0.6915813662001254,Lorenz_INDall_N25_D1_NormTrue_T3__JacobianODE,spline_coupling__geometric_noise__sweep_lc_x_kl_dyn,66
10,66,59,1,3,1,3,1,3,0.7519949864215585,Lorenz_INDall_N25_D1_NormTrue_T3__JacobianODE,spline_coupling__geometric_noise__sweep_lc_x_kl_dyn,66
15,66,59,1,3,1,3,1,3,0.8715688322540215,Lorenz_INDall_N25_D1_NormTrue_T3__JacobianODE,spline_coupling__geometric_noise__sweep_lc_x_kl_dyn,66
20,66,57,1,3,1,3,1,3,0.9232922498433258,Lorenz_INDall_N25_D1_NormTrue_T3__JacobianODE,spline_coupling__geometric_noise__sweep_lc_x_kl_dyn,66
30,66,52,0,2,1,3,1,3,0.9305201587633175,Lorenz_INDall_N25_D1_NormTrue_T3__JacobianODE,spline_coupling__geometric_noise__sweep_lc_x_kl_dyn,66
50,66,52,1,3,1,3,1,3,0.9551702527679131,Lorenz_INDall_N25_D1_NormTrue_T3__JacobianODE,spline_coupling__geometric_noise__sweep_lc_x_kl_dyn,66
5,69,69,0,1,1,3,1,3,0.5214103032517355,Lorenz_INDall_N1_D1_NormTrue_T3__JacobianODE,spline_coupling__geometric_noise__sweep_lc_x_kl_dyn,69
10,69,69,1,2,1,3,1,3,0.6377055169894045,Lorenz_INDall_N1_D1_NormTrue_T3__JacobianODE,spline_coupling__geometric_noise__sweep_lc_x_kl_dyn,69
15,69,69,1,3,1,3,1,3,0.7036536353671904,Lorenz_INDall_N1_D1_NormTrue_T3__JacobianODE,spline_coupling__geometric_noise__sweep_lc_x_kl_dyn,69
20,69,69,1,3,1,3,1,3,0.7916697113628061,Lorenz_INDall_N1_D1_NormTrue_T3__JacobianODE,spline_coupling__geometric_noise__sweep_lc_x_kl_dyn,69
30,69,65,1,3,1,3,1,3,0.910632078918524,Lorenz_INDall_N1_D1_NormTrue_T3__JacobianODE,spline_coupling__geometric_noise__sweep_lc_x_kl_dyn,69
50,69,61,1,3,1,3,1,3,0.9536353671903545,Lorenz_INDall_N1_D1_NormTrue_T3__JacobianODE,spline_coupling__geometric_noise__sweep_lc_x_kl_dyn,69
5,28,28,1,3,1,3,1,3,0.9359430604982206,Lorenz_INDall_N1_D1_NormTrue_T3__JacobianODE,lorenz_additive_joint_gennmse__lc_x_obsnoise_sweep,28
10,28,28,1,3,1,3,1,3,0.9271831371475501,Lorenz_INDall_N1_D1_NormTrue_T3__JacobianODE,lorenz_additive_joint_gennmse__lc_x_obsnoise_sweep,28
15,28,28,1,3,1,3,1,3,0.9052833287708735,Lorenz_INDall_N1_D1_NormTrue_T3__JacobianODE,lorenz_additive_joint_gennmse__lc_x_obsnoise_sweep,28
20,28,27,1,3,1,3,1,3,0.9156857377497948,Lorenz_INDall_N1_D1_NormTrue_T3__JacobianODE,lorenz_additive_joint_gennmse__lc_x_obsnoise_sweep,28
30,28,26,1,3,1,3,1,3,0.9332055844511361,Lorenz_INDall_N1_D1_NormTrue_T3__JacobianODE,lorenz_additive_joint_gennmse__lc_x_obsnoise_sweep,28
50,28,24,1,3,1,3,1,3,0.9786476868327403,Lorenz_INDall_N1_D1_NormTrue_T3__JacobianODE,lorenz_additive_joint_gennmse__lc_x_obsnoise_sweep,28
5,27,25,1,3,1,3,1,3,0.9566544566544567,Lorenz_INDall_N1_D1_NormTrue_T3__JacobianODE,lorenz_additive_joint_gennmse__lc_x_obsnoise__cleantarget,27
10,27,20,1,3,1,3,1,3,0.9645909645909645,Lorenz_INDall_N1_D1_NormTrue_T3__JacobianODE,lorenz_additive_joint_gennmse__lc_x_obsnoise__cleantarget,27
15,27,20,1,3,1,3,1,3,0.9554334554334554,Lorenz_INDall_N1_D1_NormTrue_T3__JacobianODE,lorenz_additive_joint_gennmse__lc_x_obsnoise__cleantarget,27
20,27,19,1,3,1,3,1,3,0.9407814407814408,Lorenz_INDall_N1_D1_NormTrue_T3__JacobianODE,lorenz_additive_joint_gennmse__lc_x_obsnoise__cleantarget,27
30,27,18,1,3,1,3,1,3,0.9511599511599511,Lorenz_INDall_N1_D1_NormTrue_T3__JacobianODE,lorenz_additive_joint_gennmse__lc_x_obsnoise__cleantarget,27
50,27,13,1,3,1,3,1,3,0.9884004884004883,Lorenz_INDall_N1_D1_NormTrue_T3__JacobianODE,lorenz_additive_joint_gennmse__lc_x_obsnoise__cleantarget,27
5,16,12,1,3,1,3,1,3,0.623435569197675,Lorenz_INDall_N1_D1_NormTrue_T3__JacobianODE,lorenz_full_additive_mse__lc_sweep,16
10,16,9,1,3,1,3,1,3,0.7529411764705882,Lorenz_INDall_N1_D1_NormTrue_T3__JacobianODE,lorenz_full_additive_mse__lc_sweep,16
15,16,9,1,3,1,3,1,3,0.8029411764705883,Lorenz_INDall_N1_D1_NormTrue_T3__JacobianODE,lorenz_full_additive_mse__lc_sweep,16
20,16,9,1,3,1,3,1,3,0.7823529411764706,Lorenz_INDall_N1_D1_NormTrue_T3__JacobianODE,lorenz_full_additive_mse__lc_sweep,16
30,16,9,1,3,1,3,1,3,0.8117647058823528,Lorenz_INDall_N1_D1_NormTrue_T3__JacobianODE,lorenz_full_additive_mse__lc_sweep,16
50,16,9,1,3,1,3,1,3,0.8705882352941177,Lorenz_INDall_N1_D1_NormTrue_T3__JacobianODE,lorenz_full_additive_mse__lc_sweep,16
5,9,9,1,2,1,3,1,3,0.7333333333333334,Lorenz_INDall_N1_D1_NormTrue_T3__JacobianODE,lorenz_full_additive_mse_p30__lc_sweep,9
10,9,9,1,2,1,3,1,3,0.7833333333333333,Lorenz_INDall_N1_D1_NormTrue_T3__JacobianODE,lorenz_full_additive_mse_p30__lc_sweep,9
15,9,9,1,1,1,3,1,3,0.7666666666666667,Lorenz_INDall_N1_D1_NormTrue_T3__JacobianODE,lorenz_full_additive_mse_p30__lc_sweep,9
20,9,9,1,1,1,3,1,3,0.7666666666666667,Lorenz_INDall_N1_D1_NormTrue_T3__JacobianODE,lorenz_full_additive_mse_p30__lc_sweep,9
30,9,9,1,2,1,3,1,3,0.8333333333333333,Lorenz_INDall_N1_D1_NormTrue_T3__JacobianODE,lorenz_full_additive_mse_p30__lc_sweep,9
50,9,9,1,3,1,3,1,3,0.9333333333333332,Lorenz_INDall_N1_D1_NormTrue_T3__JacobianODE,lorenz_full_additive_mse_p30__lc_sweep,9
5,42,42,0,0,0,0,0,2,-0.43829511384814845,WMTask_INDall_N1_D1_NormTrue_T128__JacobianODE,spline_coupling__sweep_lc_x_kl_dyn,42
10,42,42,0,2,0,2,1,3,0.49015476865732116,WMTask_INDall_N1_D1_NormTrue_T128__JacobianODE,spline_coupling__sweep_lc_x_kl_dyn,42
15,42,35,0,2,0,2,1,3,0.6191556599951382,WMTask_INDall_N1_D1_NormTrue_T128__JacobianODE,spline_coupling__sweep_lc_x_kl_dyn,42
20,42,32,0,2,0,2,1,3,0.6843043513491613,WMTask_INDall_N1_D1_NormTrue_T128__JacobianODE,spline_coupling__sweep_lc_x_kl_dyn,42
30,42,31,0,2,0,2,1,3,0.7246576452475488,WMTask_INDall_N1_D1_NormTrue_T128__JacobianODE,spline_coupling__sweep_lc_x_kl_dyn,42
50,42,27,0,2,1,3,1,3,0.8925532776922456,WMTask_INDall_N1_D1_NormTrue_T128__JacobianODE,spline_coupling__sweep_lc_x_kl_dyn,42
5,75,75,0,0,1,3,1,3,0.38642958748221906,WMTask_INDall_N1_D1_NormTrue_T128__JacobianODE,spline_coupling__sweep_lc_x_kl_dyn_vae_sample_all_losses,75
10,75,75,1,1,1,3,1,3,0.7693314366998577,WMTask_INDall_N1_D1_NormTrue_T128__JacobianODE,spline_coupling__sweep_lc_x_kl_dyn_vae_sample_all_losses,75
15,75,74,1,2,1,3,1,3,0.7535988620199146,WMTask_INDall_N1_D1_NormTrue_T128__JacobianODE,spline_coupling__sweep_lc_x_kl_dyn_vae_sample_all_losses,75
20,75,67,1,2,1,3,1,3,0.7368990042674252,WMTask_INDall_N1_D1_NormTrue_T128__JacobianODE,spline_coupling__sweep_lc_x_kl_dyn_vae_sample_all_losses,75
30,75,59,0,2,1,3,1,3,0.7794310099573256,WMTask_INDall_N1_D1_NormTrue_T128__JacobianODE,spline_coupling__sweep_lc_x_kl_dyn_vae_sample_all_losses,75
50,75,56,1,2,1,3,1,3,0.8589473684210526,WMTask_INDall_N1_D1_NormTrue_T128__JacobianODE,spline_coupling__sweep_lc_x_kl_dyn_vae_sample_all_losses,75
5,64,40,1,3,1,3,1,3,0.28426582687197455,WMTask_INDall_N1_D1_NormTrue_T128__JacobianODE,mlp_diffeo__sweep_lc_x_kl_dyn_vae_sample_all_losses,64
10,64,59,1,3,1,3,1,3,0.5046080631064696,WMTask_INDall_N1_D1_NormTrue_T128__JacobianODE,mlp_diffeo__sweep_lc_x_kl_dyn_vae_sample_all_losses,64
15,64,64,1,3,1,3,1,3,0.6935897435897435,WMTask_INDall_N1_D1_NormTrue_T128__JacobianODE,mlp_diffeo__sweep_lc_x_kl_dyn_vae_sample_all_losses,64
20,64,64,1,3,1,3,1,3,0.7281135531135531,WMTask_INDall_N1_D1_NormTrue_T128__JacobianODE,mlp_diffeo__sweep_lc_x_kl_dyn_vae_sample_all_losses,64
30,64,64,1,3,1,3,1,3,0.6955128205128204,WMTask_INDall_N1_D1_NormTrue_T128__JacobianODE,mlp_diffeo__sweep_lc_x_kl_dyn_vae_sample_all_losses,64
50,64,61,1,3,1,3,1,3,0.6978937728937727,WMTask_INDall_N1_D1_NormTrue_T128__JacobianODE,mlp_diffeo__sweep_lc_x_kl_dyn_vae_sample_all_losses,64
5,81,74,1,1,1,2,1,3,0.12369015356820236,WMTask_INDall_N1_D1_NormTrue_T128__JacobianODE,spline_coupling__geometric_noise__sweep_lc_x_kl_dyn,81
10,81,81,1,2,1,3,1,3,0.6216124661246611,WMTask_INDall_N1_D1_NormTrue_T128__JacobianODE,spline_coupling__geometric_noise__sweep_lc_x_kl_dyn,81
15,81,81,1,3,1,3,1,3,0.6594173441734417,WMTask_INDall_N1_D1_NormTrue_T128__JacobianODE,spline_coupling__geometric_noise__sweep_lc_x_kl_dyn,81
20,81,81,1,2,1,3,1,3,0.6748193315266486,WMTask_INDall_N1_D1_NormTrue_T128__JacobianODE,spline_coupling__geometric_noise__sweep_lc_x_kl_dyn,81
30,81,55,1,2,1,3,1,3,0.7202800361336946,WMTask_INDall_N1_D1_NormTrue_T128__JacobianODE,spline_coupling__geometric_noise__sweep_lc_x_kl_dyn,81
50,81,54,1,2,1,3,1,3,0.8505871725383921,WMTask_INDall_N1_D1_NormTrue_T128__JacobianODE,spline_coupling__geometric_noise__sweep_lc_x_kl_dyn,81
5,75,75,1,2,1,3,1,3,0.32799431009957325,WMTask_INDall_N1_D1_NormTrue_T128__JacobianODE,spline_coupling__sweep_lc_x_kl_dyn_30step_cleantarget,75
10,75,75,1,3,1,3,1,3,0.8633001422475106,WMTask_INDall_N1_D1_NormTrue_T128__JacobianODE,spline_coupling__sweep_lc_x_kl_dyn_30step_cleantarget,75
15,75,75,1,3,1,3,1,3,0.8460881934566146,WMTask_INDall_N1_D1_NormTrue_T128__JacobianODE,spline_coupling__sweep_lc_x_kl_dyn_30step_cleantarget,75
20,75,68,1,3,1,3,1,3,0.8467709815078237,WMTask_INDall_N1_D1_NormTrue_T128__JacobianODE,spline_coupling__sweep_lc_x_kl_dyn_30step_cleantarget,75
30,75,58,1,3,1,3,1,3,0.8573826458036984,WMTask_INDall_N1_D1_NormTrue_T128__JacobianODE,spline_coupling__sweep_lc_x_kl_dyn_30step_cleantarget,75
50,75,51,1,3,1,3,1,3,0.8770128022759601,WMTask_INDall_N1_D1_NormTrue_T128__JacobianODE,spline_coupling__sweep_lc_x_kl_dyn_30step_cleantarget,75
5,25,25,1,2,1,2,1,2,0.47,WMTask_INDall_N1_D1_NormTrue_T128__JacobianODE,spline_coupling_no_vae__sweep_lc_x_obs_noise_30step_cleantarget,25
10,25,25,0,1,1,2,1,2,0.43076923076923074,WMTask_INDall_N1_D1_NormTrue_T128__JacobianODE,spline_coupling_no_vae__sweep_lc_x_obs_noise_30step_cleantarget,25
15,25,25,0,1,1,2,1,2,0.43692307692307686,WMTask_INDall_N1_D1_NormTrue_T128__JacobianODE,spline_coupling_no_vae__sweep_lc_x_obs_noise_30step_cleantarget,25
20,25,25,0,1,0,2,1,3,0.42538461538461536,WMTask_INDall_N1_D1_NormTrue_T128__JacobianODE,spline_coupling_no_vae__sweep_lc_x_obs_noise_30step_cleantarget,25
30,25,25,0,1,0,2,1,3,0.5330769230769231,WMTask_INDall_N1_D1_NormTrue_T128__JacobianODE,spline_coupling_no_vae__sweep_lc_x_obs_noise_30step_cleantarget,25
50,25,25,0,1,1,2,1,3,0.5976923076923077,WMTask_INDall_N1_D1_NormTrue_T128__JacobianODE,spline_coupling_no_vae__sweep_lc_x_obs_noise_30step_cleantarget,25
5,14,0,1,3,1,3,1,3,1.0,WMTask_INDall_N1_D1_NormTrue_T128__spline_coupling__JacobianODE,sweep_from_scratch_spline_coupling_lc_9vals__klNnull__klD0_1e-06_1e-05_0.0001_0.001_0.01_0.1_1_10__te0.0_enc_warmup_5_vaetrue,14
10,14,0,1,3,1,3,1,3,1.0,WMTask_INDall_N1_D1_NormTrue_T128__spline_coupling__JacobianODE,sweep_from_scratch_spline_coupling_lc_9vals__klNnull__klD0_1e-06_1e-05_0.0001_0.001_0.01_0.1_1_10__te0.0_enc_warmup_5_vaetrue,14
15,14,0,1,3,1,3,1,3,1.0,WMTask_INDall_N1_D1_NormTrue_T128__spline_coupling__JacobianODE,sweep_from_scratch_spline_coupling_lc_9vals__klNnull__klD0_1e-06_1e-05_0.0001_0.001_0.01_0.1_1_10__te0.0_enc_warmup_5_vaetrue,14
20,14,0,1,3,1,3,1,3,1.0,WMTask_INDall_N1_D1_NormTrue_T128__spline_coupling__JacobianODE,sweep_from_scratch_spline_coupling_lc_9vals__klNnull__klD0_1e-06_1e-05_0.0001_0.001_0.01_0.1_1_10__te0.0_enc_warmup_5_vaetrue,14
30,14,0,1,3,1,3,1,3,1.0,WMTask_INDall_N1_D1_NormTrue_T128__spline_coupling__JacobianODE,sweep_from_scratch_spline_coupling_lc_9vals__klNnull__klD0_1e-06_1e-05_0.0001_0.001_0.01_0.1_1_10__te0.0_enc_warmup_5_vaetrue,14
50,14,0,1,3,1,3,1,3,1.0,WMTask_INDall_N1_D1_NormTrue_T128__spline_coupling__JacobianODE,sweep_from_scratch_spline_coupling_lc_9vals__klNnull__klD0_1e-06_1e-05_0.0001_0.001_0.01_0.1_1_10__te0.0_enc_warmup_5_vaetrue,14
5,42,42,1,3,1,3,1,3,0.8976052580603134,WMTask_IND1926273140555669819498104_N10_D1_NormTrue_T10__spline_coupling__JacobianODE,sweep_from_scratch_spline_coupling_lc_7vals__klNnull__klD0_1e-06_1e-05_0.0001_0.001_0.01_0.1__te0.0_enc_warmup_5_vaetrue,42
10,42,42,1,3,1,3,1,3,0.888339680739,WMTask_IND1926273140555669819498104_N10_D1_NormTrue_T10__spline_coupling__JacobianODE,sweep_from_scratch_spline_coupling_lc_7vals__klNnull__klD0_1e-06_1e-05_0.0001_0.001_0.01_0.1__te0.0_enc_warmup_5_vaetrue,42
15,42,42,1,3,1,3,1,3,0.9066526213434893,WMTask_IND1926273140555669819498104_N10_D1_NormTrue_T10__spline_coupling__JacobianODE,sweep_from_scratch_spline_coupling_lc_7vals__klNnull__klD0_1e-06_1e-05_0.0001_0.001_0.01_0.1__te0.0_enc_warmup_5_vaetrue,42
20,42,42,1,3,1,3,1,3,0.9154039380925372,WMTask_IND1926273140555669819498104_N10_D1_NormTrue_T10__spline_coupling__JacobianODE,sweep_from_scratch_spline_coupling_lc_7vals__klNnull__klD0_1e-06_1e-05_0.0001_0.001_0.01_0.1__te0.0_enc_warmup_5_vaetrue,42
30,42,42,1,3,1,3,1,3,0.9100559111903412,WMTask_IND1926273140555669819498104_N10_D1_NormTrue_T10__spline_coupling__JacobianODE,sweep_from_scratch_spline_coupling_lc_7vals__klNnull__klD0_1e-06_1e-05_0.0001_0.001_0.01_0.1__te0.0_enc_warmup_5_vaetrue,42
50,42,42,1,3,1,3,1,3,0.9126488939307997,WMTask_IND1926273140555669819498104_N10_D1_NormTrue_T10__spline_coupling__JacobianODE,sweep_from_scratch_spline_coupling_lc_7vals__klNnull__klD0_1e-06_1e-05_0.0001_0.001_0.01_0.1__te0.0_enc_warmup_5_vaetrue,42
5,39,39,1,3,1,3,1,3,0.5896761133603239,WMTask_INDall_N1_D1_NormTrue_T17__spline_coupling__JacobianODE,sweep_from_scratch_spline_coupling_lc_9vals__klNnull__klD0_0.0001_0.001_0.01_0.1_1__te0.0_enc_warmup_5_vaetrue,39
10,39,39,1,3,1,3,1,3,0.7655870445344131,WMTask_INDall_N1_D1_NormTrue_T17__spline_coupling__JacobianODE,sweep_from_scratch_spline_coupling_lc_9vals__klNnull__klD0_0.0001_0.001_0.01_0.1_1__te0.0_enc_warmup_5_vaetrue,39
15,39,39,1,3,1,3,1,3,0.7844129554655872,WMTask_INDall_N1_D1_NormTrue_T17__spline_coupling__JacobianODE,sweep_from_scratch_spline_coupling_lc_9vals__klNnull__klD0_0.0001_0.001_0.01_0.1_1__te0.0_enc_warmup_5_vaetrue,39
20,39,39,1,3,1,3,1,3,0.7957489878542512,WMTask_INDall_N1_D1_NormTrue_T17__spline_coupling__JacobianODE,sweep_from_scratch_spline_coupling_lc_9vals__klNnull__klD0_0.0001_0.001_0.01_0.1_1__te0.0_enc_warmup_5_vaetrue,39
30,39,39,1,3,1,3,1,3,0.8500000000000001,WMTask_INDall_N1_D1_NormTrue_T17__spline_coupling__JacobianODE,sweep_from_scratch_spline_coupling_lc_9vals__klNnull__klD0_0.0001_0.001_0.01_0.1_1__te0.0_enc_warmup_5_vaetrue,39
50,39,39,1,3,1,3,1,3,0.9368421052631579,WMTask_INDall_N1_D1_NormTrue_T17__spline_coupling__JacobianODE,sweep_from_scratch_spline_coupling_lc_9vals__klNnull__klD0_0.0001_0.001_0.01_0.1_1__te0.0_enc_warmup_5_vaetrue,39
5,21,21,0,0,0,0,0,2,0.09595431088854696,Lorenz_IND0_N100_D1_NormTrue_T7__spline_coupling__JacobianODE,sweep_from_scratch_spline_coupling_lc_9vals__klNnull__klD0_0.0001_0.001_0.01_0.1_1__te0.0_enc_warmup_5_vaetrue,21
10,21,21,0,0,0,0,0,1,-0.2233080488702646,Lorenz_IND0_N100_D1_NormTrue_T7__spline_coupling__JacobianODE,sweep_from_scratch_spline_coupling_lc_9vals__klNnull__klD0_0.0001_0.001_0.01_0.1_1__te0.0_enc_warmup_5_vaetrue,21
15,21,21,0,1,0,1,1,2,-0.03901173649577245,Lorenz_IND0_N100_D1_NormTrue_T7__spline_coupling__JacobianODE,sweep_from_scratch_spline_coupling_lc_9vals__klNnull__klD0_0.0001_0.001_0.01_0.1_1__te0.0_enc_warmup_5_vaetrue,21
20,21,20,1,2,1,2,1,2,0.3450293126025374,Lorenz_IND0_N100_D1_NormTrue_T7__spline_coupling__JacobianODE,sweep_from_scratch_spline_coupling_lc_9vals__klNnull__klD0_0.0001_0.001_0.01_0.1_1__te0.0_enc_warmup_5_vaetrue,21
30,21,19,1,2,1,3,1,3,0.5948051948051949,Lorenz_IND0_N100_D1_NormTrue_T7__spline_coupling__JacobianODE,sweep_from_scratch_spline_coupling_lc_9vals__klNnull__klD0_0.0001_0.001_0.01_0.1_1__te0.0_enc_warmup_5_vaetrue,21
50,21,17,1,3,1,3,1,3,0.8428571428571429,Lorenz_IND0_N100_D1_NormTrue_T7__spline_coupling__JacobianODE,sweep_from_scratch_spline_coupling_lc_9vals__klNnull__klD0_0.0001_0.001_0.01_0.1_1__te0.0_enc_warmup_5_vaetrue,21
5,17,17,0,1,1,3,1,3,0.42156862745098045,Lorenz_IND0_N100_D1_NormTrue_T3__spline_coupling__JacobianODE,optuna_from_scratch_spline_coupling_loop_closure_weight_kl_dyn_weight_lr_n40_2026-03-29_01-43-50,17
10,17,17,1,3,1,3,1,3,0.6421568627450981,Lorenz_IND0_N100_D1_NormTrue_T3__spline_coupling__JacobianODE,optuna_from_scratch_spline_coupling_loop_closure_weight_kl_dyn_weight_lr_n40_2026-03-29_01-43-50,17
15,17,17,1,2,1,3,1,3,0.607843137254902,Lorenz_IND0_N100_D1_NormTrue_T3__spline_coupling__JacobianODE,optuna_from_scratch_spline_coupling_loop_closure_weight_kl_dyn_weight_lr_n40_2026-03-29_01-43-50,17
20,17,8,1,2,1,3,1,3,0.7745098039215688,Lorenz_IND0_N100_D1_NormTrue_T3__spline_coupling__JacobianODE,optuna_from_scratch_spline_coupling_loop_closure_weight_kl_dyn_weight_lr_n40_2026-03-29_01-43-50,17
30,17,4,1,3,1,3,1,3,0.8651960784313727,Lorenz_IND0_N100_D1_NormTrue_T3__spline_coupling__JacobianODE,optuna_from_scratch_spline_coupling_loop_closure_weight_kl_dyn_weight_lr_n40_2026-03-29_01-43-50,17
50,17,1,1,3,1,3,1,3,1.0,Lorenz_IND0_N100_D1_NormTrue_T3__spline_coupling__JacobianODE,optuna_from_scratch_spline_coupling_loop_closure_weight_kl_dyn_weight_lr_n40_2026-03-29_01-43-50,17
